City_ID,City,Country,Date,Lat,Lng,Max Temp,Humidity,Cloudiness,Wind Speed
0,Kaitangata,NZ,2021-05-30 18:24:36,-46.2817,169.8464,49.48,94,100,8.1
1,Albany,US,2021-05-30 18:20:28,42.6001,-73.9662,49.35,91,100,5.73
2,Hilo,US,2021-05-30 18:24:36,19.7297,-155.09,86.29,75,40,5.75
3,Pevek,RU,2021-05-30 18:24:36,69.7008,170.3133,38.61,69,0,5.12
4,Mandalgovi,MN,2021-05-30 18:24:36,45.7625,106.2708,38.91,67,82,20.4
5,Rikitea,PF,2021-05-30 18:24:37,-23.1203,-134.9692,74.77,77,100,13.87
6,Punta Arenas,CL,2021-05-30 18:24:37,-53.15,-70.9167,37.51,56,75,8.9
7,Kapaa,US,2021-05-30 18:24:37,22.0752,-159.319,79.2,72,1,3.89
8,Hermanus,ZA,2021-05-30 18:24:37,-34.4187,19.2345,56.89,82,81,4.59
9,Upernavik,GL,2021-05-30 18:22:42,72.7868,-56.1549,31.91,94,100,6.71
10,Klaksvik,FO,2021-05-30 18:24:38,62.2266,-6.589,56.32,94,82,20.89
11,Tuktoyaktuk,CA,2021-05-30 18:24:38,69.4541,-133.0374,39.2,56,20,11.5
12,Lebu,CL,2021-05-30 18:24:38,-37.6167,-73.65,56.61,74,100,7.56
13,Hobart,AU,2021-05-30 18:24:39,-42.8794,147.3294,41.11,91,31,4.83
14,Provideniya,RU,2021-05-30 18:24:39,64.3833,-173.3,44.08,50,2,11.61
15,Busselton,AU,2021-05-30 18:24:39,-33.65,115.3333,55.09,76,100,14.03
16,Arraial Do Cabo,BR,2021-05-30 18:22:15,-22.9661,-42.0278,78.76,73,75,6.91
17,General Roca,AR,2021-05-30 18:24:39,-39.0333,-67.5833,59.4,35,19,16.53
18,Mombetsu,JP,2021-05-30 18:24:40,44.3525,143.3525,38.71,94,100,13.4
19,Clyde River,CA,2021-05-30 18:23:07,70.4692,-68.5914,30.43,80,75,4.61
20,Dikson,RU,2021-05-30 18:24:40,73.5069,80.5464,31.48,94,100,6.71
21,Vaini,TO,2021-05-30 18:24:40,-21.2,-175.2,73.56,100,75,3.44
22,Ponta Do Sol,PT,2021-05-30 18:24:40,32.6667,-17.1,69.71,78,41,6.2
23,Faya,SA,2021-05-30 18:24:41,18.3851,42.4509,73.51,27,51,6.04
24,Port Alfred,ZA,2021-05-30 18:24:41,-33.5906,26.891,58.48,63,43,7.85
25,Broome,US,2021-05-30 18:24:41,42.2506,-75.833,52.81,81,90,1.01
26,Husavik,IS,2021-05-30 18:24:41,66.0449,-17.3389,57.11,53,89,16.17
27,Cape Town,ZA,2021-05-30 18:21:47,-33.9258,18.4232,57.11,68,0,3.02
28,Saint-Augustin,CA,2021-05-30 18:24:42,51.226,-58.6502,62.96,32,1,7.83
29,Porto Santo,PT,2021-05-30 18:24:42,33.072,-16.3415,67.91,59,40,14.97
30,Nishihara,JP,2021-05-30 18:24:42,26.1842,127.7558,74.48,97,90,13.22
31,Saint George,US,2021-05-30 18:23:51,37.1041,-113.5841,93.67,12,1,3.0
32,Iqaluit,CA,2021-05-30 18:24:42,63.7506,-68.5145,40.73,70,75,5.99
33,Torbay,CA,2021-05-30 18:24:43,47.6666,-52.7314,61.57,36,20,10.36
34,Chokurdakh,RU,2021-05-30 18:24:13,70.6333,147.9167,52.54,45,25,9.31
35,Cabo San Lucas,MX,2021-05-30 18:22:38,22.8909,-109.9124,95.81,47,1,4.61
36,Aksu,CN,2021-05-30 18:24:43,41.1231,80.2644,79.9,15,85,6.17
37,Morehead,US,2021-05-30 18:24:43,37.2711,-87.1764,69.15,46,1,1.01
38,Lima,PE,2021-05-30 18:21:05,-12.0432,-77.0282,66.45,73,90,3.44
39,Kodinsk,RU,2021-05-30 18:24:44,58.6881,99.1844,36.19,94,92,1.21
40,Mar Del Plata,AR,2021-05-30 18:24:44,-38.0023,-57.5575,56.08,41,0,1.99
41,Petershagen,DE,2021-05-30 18:24:44,52.3833,8.9667,68.45,78,2,5.88
42,Maniitsoq,GL,2021-05-30 18:24:44,65.4167,-52.9,35.53,87,100,4.23
43,Rey Bouba,CM,2021-05-30 18:24:45,8.6724,14.1786,94.55,29,100,3.44
44,Codrington,AU,2021-05-30 18:24:45,-38.2667,141.9667,40.55,70,2,8.63
45,Arlit,NE,2021-05-30 18:24:45,18.7369,7.3853,101.35,5,92,12.57
46,Vanimo,PG,2021-05-30 18:24:45,-2.6741,141.3028,78.37,88,100,6.13
47,Bacolod,PH,2021-05-30 18:24:46,10.6667,122.95,79.32,85,71,5.61
48,Ushuaia,AR,2021-05-30 18:22:02,-54.8,-68.3,31.66,100,75,4.61
49,Sur,OM,2021-05-30 18:24:46,22.5667,59.5289,90.82,50,60,11.97
50,Nuuk,GL,2021-05-30 18:24:46,64.1835,-51.7216,38.01,75,75,12.66
51,Kaka,TM,2021-05-30 18:24:46,37.3482,59.6143,93.83,9,1,7.52
52,Adrar,MR,2021-05-30 18:24:41,20.5022,-10.0711,82.71,42,69,40.0
53,Atuona,PF,2021-05-30 18:24:47,-9.8,-139.0333,80.11,61,74,7.99
54,Marawi,PH,2021-05-30 18:24:47,7.9986,124.2928,67.64,94,100,1.25
55,Honningsvag,NO,2021-05-30 18:24:47,70.9821,25.9704,42.55,87,75,20.71
56,Carnarvon,AU,2021-05-30 18:24:47,-24.8667,113.6333,57.27,94,2,6.91
57,Oistins,BB,2021-05-30 18:24:48,13.0667,-59.5333,80.69,65,75,25.32
58,Vengerovo,RU,2021-05-30 18:24:48,55.6848,76.7471,61.23,58,8,9.95
59,Ust-Maya,RU,2021-05-30 18:24:48,60.4167,134.5333,50.02,71,95,7.2
60,Ilulissat,GL,2021-05-30 18:24:48,69.2167,-51.1,44.62,42,74,4.61
61,Vila Velha,BR,2021-05-30 18:20:59,-20.3297,-40.2925,85.96,66,0,8.01
62,Zhangjiakou,CN,2021-05-30 18:24:49,40.81,114.8794,65.26,47,61,11.1
63,Hualmay,PE,2021-05-30 18:24:29,-11.0964,-77.6139,69.6,74,49,11.23
64,Vostok,RU,2021-05-30 18:24:49,46.4856,135.8833,42.1,82,96,3.11
65,East London,ZA,2021-05-30 18:24:49,-33.0153,27.9116,52.74,87,0,6.91
66,Tirnavos,GR,2021-05-30 18:24:49,39.7389,22.2882,69.62,60,75,2.37
67,New Norfolk,AU,2021-05-30 18:24:50,-42.7826,147.0587,40.75,88,46,3.22
68,Awjilah,LY,2021-05-30 18:24:50,29.1081,21.2869,93.51,17,2,12.08
69,Jamestown,US,2021-05-30 18:23:36,42.097,-79.2353,62.19,44,1,17.27
70,Barrow,US,2021-05-30 18:24:50,71.2906,-156.7887,30.22,86,90,12.66
71,Saint Pete Beach,US,2021-05-30 18:24:40,27.7253,-82.7412,91.2,69,90,1.01
72,Saint-Joseph,RE,2021-05-30 18:24:50,-21.3667,55.6167,70.21,80,19,6.87
73,Ronneby,SE,2021-05-30 18:24:51,56.21,15.276,55.9,54,0,5.75
74,Victoria,HK,2021-05-30 18:20:35,22.2855,114.1577,86.38,89,98,1.01
75,Mataura,NZ,2021-05-30 18:22:01,-46.1927,168.8643,49.48,97,100,2.86
76,Tartus,SY,2021-05-30 18:24:51,34.889,35.8866,72.5,71,0,3.38
77,Staryy Nadym,RU,2021-05-30 18:21:15,65.6118,72.6842,43.39,59,100,12.46
78,Bambous Virieux,MU,2021-05-30 18:24:51,-20.3428,57.7575,73.22,94,40,6.85
79,Lasa,IT,2021-05-30 18:24:52,46.6166,10.7002,67.91,74,35,5.99
80,Flinders,AU,2021-05-30 18:22:42,-34.5833,150.8552,54.21,82,19,1.01
81,Gravdal,NO,2021-05-30 18:24:52,68.1214,13.5031,46.29,87,75,12.66
82,Turukhansk,RU,2021-05-30 18:24:52,65.8167,87.9833,50.0,63,100,22.06
83,Avarua,CK,2021-05-30 18:22:03,-21.2078,-159.775,68.05,83,100,2.3
84,Gambo,CF,2021-05-30 18:24:52,4.6482,22.2633,76.91,77,96,1.28
85,Hithadhoo,MV,2021-05-30 18:24:53,-0.6,73.0833,83.14,73,51,17.09
86,Norman Wells,CA,2021-05-30 18:24:53,65.282,-126.8329,42.84,75,75,14.97
87,Lorengau,PG,2021-05-30 18:24:53,-2.0226,147.2712,80.35,85,100,7.85
88,Puerto Ayora,EC,2021-05-30 18:24:53,-0.7393,-90.3518,82.36,80,60,8.01
89,Airai,TL,2021-05-30 18:24:54,-8.9266,125.4092,58.14,90,99,1.5
90,Barabai,ID,2021-05-30 18:24:54,-2.5833,115.3833,75.07,93,100,2.51
91,Nakhon Phanom,TH,2021-05-30 18:24:54,17.3333,104.4167,81.75,70,31,5.19
92,Tasiilaq,GL,2021-05-30 18:22:34,65.6145,-37.6368,39.36,78,99,15.9
93,Acari,PE,2021-05-30 18:24:54,-15.4311,-74.6158,77.36,54,83,9.89
94,Butaritari,KI,2021-05-30 18:24:55,3.0707,172.7902,82.8,78,93,15.21
95,Esperance,AU,2021-05-30 18:24:55,-33.8667,121.9,55.24,79,93,23.47
96,Saldanha,ZA,2021-05-30 18:24:55,-33.0117,17.9442,53.65,82,23,8.41
97,Dalvik,IS,2021-05-30 18:24:55,65.9702,-18.5286,57.13,69,98,8.37
98,Chancay,PE,2021-05-30 18:24:56,-11.5714,-77.2672,67.87,78,75,8.57
99,Meulaboh,ID,2021-05-30 18:24:56,4.1363,96.1285,76.26,86,100,0.69
100,Bredasdorp,ZA,2021-05-30 18:22:13,-34.5322,20.0403,51.12,93,88,2.06
101,Lagoa,PT,2021-05-30 18:24:56,39.05,-27.9833,63.5,73,52,9.55
102,Tiksi,RU,2021-05-30 18:24:56,71.6872,128.8694,31.55,94,9,8.01
103,Khatanga,RU,2021-05-30 18:24:57,71.9667,102.5,35.1,99,100,3.76
104,Lavrentiya,RU,2021-05-30 18:24:57,65.5833,-171.0,33.66,81,7,11.07
105,Doha,QA,2021-05-30 18:24:57,25.2867,51.5333,95.31,68,0,10.36
106,Qaanaaq,GL,2021-05-30 18:24:57,77.484,-69.3632,32.31,93,100,5.19
107,Beringovskiy,RU,2021-05-30 18:24:58,63.05,179.3167,34.41,76,28,9.26
108,Asau,RO,2021-05-30 18:23:25,46.4333,26.4,58.12,92,57,2.21
109,Port Blair,IN,2021-05-30 18:24:58,11.6667,92.75,82.08,79,100,3.18
110,Saint-Philippe,RE,2021-05-30 18:24:58,-21.3585,55.7679,71.22,82,37,7.58
111,Kudahuvadhoo,MV,2021-05-30 18:24:58,2.6708,72.8944,83.77,74,42,20.09
112,San Cristobal,VE,2021-05-30 18:24:11,7.7669,-72.225,78.98,50,49,6.76
113,Laguna,US,2021-05-30 18:24:59,38.421,-121.4238,87.64,49,1,1.99
114,Boguchany,RU,2021-05-30 18:24:59,58.3814,97.4531,32.97,97,38,1.92
115,Praya,CV,2021-05-30 18:24:59,14.9215,-23.5087,79.34,57,0,16.11
116,Seguin,US,2021-05-30 18:25:00,29.5688,-97.9647,87.89,72,40,3.0
117,Ostrovnoy,RU,2021-05-30 18:25:00,68.0531,39.5131,42.19,87,100,14.67
118,Yuancheng,CN,2021-05-30 18:25:00,36.652,107.7896,69.78,43,100,4.56
119,Constitucion,CL,2021-05-30 18:25:00,-35.3333,-72.4167,60.19,54,81,8.86
120,Kumluca,TR,2021-05-30 18:25:01,36.3703,30.2869,69.91,86,38,3.24
121,Bandarbeyla,SO,2021-05-30 18:25:01,9.4942,50.8122,79.32,85,31,29.91
122,Nouadhibou,MR,2021-05-30 18:25:03,20.931,-17.0347,71.58,73,88,17.27
123,Creel,MX,2021-05-30 18:25:03,27.75,-107.6333,72.55,11,100,12.86
124,Tazovskiy,RU,2021-05-30 18:24:45,67.4667,78.7,37.22,97,100,11.18
125,Port Elizabeth,ZA,2021-05-30 18:22:06,-33.918,25.5701,59.09,72,0,8.05
126,Port Hardy,CA,2021-05-30 18:25:03,50.6996,-127.4199,53.78,87,90,16.11
127,Cidreira,BR,2021-05-30 18:25:03,-30.1811,-50.2056,57.06,45,0,10.98
128,Scarborough,GB,2021-05-30 18:25:04,54.2797,-0.4044,66.02,80,8,1.99
129,Bluff,NZ,2021-05-30 18:25:04,-46.6,168.3333,49.8,94,100,22.75
130,Belaya Gora,RU,2021-05-30 18:25:04,68.5333,146.4167,53.53,51,6,9.4
131,Ulaangom,MN,2021-05-30 18:25:04,49.9811,92.0667,50.65,37,65,1.39
132,Esso,RU,2021-05-30 18:25:05,55.9333,158.7,36.21,95,72,2.91
133,Pecos,US,2021-05-30 18:25:05,31.4229,-103.4932,79.63,61,1,26.46
134,Mizan Teferi,ET,2021-05-30 18:25:05,6.9833,35.5833,64.45,86,25,2.86
135,Bengkulu,ID,2021-05-30 18:21:48,-3.8004,102.2655,76.73,86,98,5.03
136,Shelton,US,2021-05-30 18:25:05,41.3165,-73.0932,52.11,91,90,1.99
137,Bowen,AU,2021-05-30 18:25:06,-20.0167,148.2333,64.62,88,67,10.25
138,Katangli,RU,2021-05-30 18:25:06,51.7102,143.2326,35.74,87,100,8.01
139,Hobyo,SO,2021-05-30 18:25:06,5.3505,48.5268,79.29,84,98,23.73
140,Nizhniy Ingash,RU,2021-05-30 18:25:06,56.2,96.53,33.93,93,88,2.48
141,Northam,GB,2021-05-30 18:25:07,51.0333,-4.2167,64.35,76,85,7.85
142,Karratha,AU,2021-05-30 18:22:09,-20.7377,116.8463,68.67,57,61,8.55
143,Florence,IT,2021-05-30 18:25:07,43.7667,11.25,71.37,35,20,8.05
144,Port Lincoln,AU,2021-05-30 18:22:53,-34.7333,135.8667,55.6,44,86,12.5
145,Keetmanshoop,NA,2021-05-30 18:25:07,-26.5833,18.1333,63.52,31,100,5.75
146,Chunskiy,RU,2021-05-30 18:25:07,56.0815,99.6342,37.15,97,100,3.2
147,Talcahuano,CL,2021-05-30 18:25:08,-36.7167,-73.1167,58.68,67,75,4.61
148,Spirovo,RU,2021-05-30 18:25:08,57.419,34.9766,44.02,63,80,4.9
149,Lieksa,FI,2021-05-30 18:25:08,63.3167,30.0167,50.22,60,38,7.34
150,Goderich,CA,2021-05-30 18:25:08,43.7501,-81.7165,68.04,66,1,11.5
151,Catamarca,AR,2021-05-30 18:25:09,-28.4696,-65.7852,70.59,52,45,3.0
152,Bathsheba,BB,2021-05-30 18:25:09,13.2167,-59.5167,81.21,65,75,20.49
153,Luganville,VU,2021-05-30 18:25:10,-15.5333,167.1667,72.14,91,100,5.39
154,Ewa Beach,US,2021-05-30 18:25:10,21.3156,-158.0072,80.02,72,20,4.61
155,Longyearbyen,SJ,2021-05-30 18:25:10,78.2186,15.6401,33.64,75,75,5.75
156,Castro,BR,2021-05-30 18:25:10,-24.7911,-50.0119,57.49,98,100,0.96
157,Isangel,VU,2021-05-30 18:25:11,-19.55,169.2667,70.14,76,87,6.24
158,Ribeira Grande,PT,2021-05-30 18:25:11,38.5167,-28.7,70.2,64,40,14.97
159,Kathu,TH,2021-05-30 18:25:11,7.9178,98.3332,85.62,83,57,11.18
160,Vestmannaeyjar,IS,2021-05-30 18:25:11,63.4427,-20.2734,45.59,93,75,13.8
161,Bethel,US,2021-05-30 18:25:12,41.3712,-73.414,50.58,90,90,1.99
162,Qandala,SO,2021-05-30 18:25:12,11.472,49.8728,90.28,51,2,9.26
163,Labuhan,ID,2021-05-30 18:23:00,-6.8844,112.2051,77.86,87,100,5.95
164,Prudentopolis,BR,2021-05-30 18:25:12,-25.2131,-50.9778,58.68,99,100,1.83
165,Atkinson,US,2021-05-30 18:21:20,42.8384,-71.147,49.23,88,90,3.0
166,Solnechnyy,RU,2021-05-30 18:25:12,50.7214,136.6319,43.72,85,100,2.46
167,Monte Carmelo,BR,2021-05-30 18:25:13,-18.7247,-47.4986,84.54,33,100,5.39
168,Porto Novo,BJ,2021-05-30 18:25:13,6.4965,2.6036,82.22,77,54,11.83
169,Nikolskoye,RU,2021-05-30 18:25:13,59.7035,30.7861,53.49,61,6,3.09
170,Vila Franca Do Campo,PT,2021-05-30 18:25:13,37.7167,-25.4333,66.61,68,31,8.52
171,Tulsipur,NP,2021-05-30 18:25:14,28.131,82.2973,81.07,74,1,3.49
172,Quesnel,CA,2021-05-30 18:25:14,52.9999,-122.5029,59.5,63,1,0.0
173,Kaeo,NZ,2021-05-30 18:25:14,-35.1,173.7833,51.33,96,88,14.65
174,Antalaha,MG,2021-05-30 18:24:32,-14.9003,50.2788,72.37,91,9,6.53
175,Adre,TD,2021-05-30 18:25:15,13.4667,22.2,93.18,12,37,8.01
176,Grand Gaube,MU,2021-05-30 18:25:15,-20.0064,57.6608,73.38,82,6,1.99
177,Bayir,TR,2021-05-30 18:23:48,37.2687,28.2167,64.92,48,100,2.98
178,Port Macquarie,AU,2021-05-30 18:25:15,-31.4333,152.9167,55.36,79,83,10.92
179,Neya,RU,2021-05-30 18:25:15,58.2972,43.8681,44.69,54,30,7.49
180,Kavieng,PG,2021-05-30 18:22:33,-2.5744,150.7967,80.65,81,97,9.26
181,Mumford,GH,2021-05-30 18:25:16,5.2618,-0.759,81.93,80,72,13.35
182,Vao,NC,2021-05-30 18:25:16,-22.6667,167.4833,70.11,52,86,16.62
183,Sao Pedro Do Sul,BR,2021-05-30 18:25:16,-29.6206,-54.1789,57.85,44,15,4.94
184,Taphan Hin,TH,2021-05-30 18:25:16,16.2209,100.4198,84.76,69,97,8.16
185,Caravelas,BR,2021-05-30 18:25:17,-17.7125,-39.2481,81.77,64,9,9.19
186,Chuy,UY,2021-05-30 18:25:17,-33.6971,-53.4616,55.72,45,4,11.77
187,Dingle,PH,2021-05-30 18:25:17,10.9995,122.6711,78.24,90,84,1.59
188,Sorland,NO,2021-05-30 18:23:54,67.667,12.6934,46.47,94,100,16.42
189,Vyshneve,UA,2021-05-30 18:25:17,50.3891,30.3705,56.57,98,75,6.71
190,Cayenne,GF,2021-05-30 18:25:18,4.9333,-52.3333,83.08,81,20,5.01
191,Cam Ranh,VN,2021-05-30 18:25:18,11.9214,109.1591,82.36,78,0,4.68
192,Avera,US,2021-05-30 18:25:18,33.194,-82.5271,76.66,42,34,7.25
193,Salcininkai,LT,2021-05-30 18:25:18,54.3,25.3833,55.9,75,44,7.02
194,Coquimbo,CL,2021-05-30 18:25:19,-29.9533,-71.3436,56.93,88,20,8.08
195,Nome,US,2021-05-30 18:25:19,64.5011,-165.4064,51.12,34,75,21.85
196,Tura,IN,2021-05-30 18:25:19,25.5198,90.2201,72.82,97,11,0.87
197,Atar,MR,2021-05-30 18:24:33,20.5169,-13.0499,102.36,14,35,22.48
198,Battipaglia,IT,2021-05-30 18:25:19,40.6109,14.9852,71.58,72,74,6.13
199,Khammam,IN,2021-05-30 18:25:20,17.25,80.15,89.64,51,44,12.77
200,Juarez,MX,2021-05-30 18:24:07,31.7333,-106.4833,87.44,33,90,5.99
201,Mana,GF,2021-05-30 18:25:20,5.6592,-53.7767,78.94,86,100,10.71
202,Naze,JP,2021-05-30 18:25:20,28.3667,129.4833,70.45,86,100,13.94
203,Thompson,CA,2021-05-30 18:22:17,55.7435,-97.8558,46.56,66,75,6.91
204,Lompoc,US,2021-05-30 18:25:21,34.6391,-120.4579,71.85,77,90,11.5
205,Honiara,SB,2021-05-30 18:25:21,-9.4333,159.95,76.3,89,50,3.18
206,Narsaq,GL,2021-05-30 18:25:21,60.9167,-46.05,48.42,64,53,3.69
207,Roald,NO,2021-05-30 18:25:21,62.5833,6.1333,59.05,76,0,5.75
208,Nemuro,JP,2021-05-30 18:25:21,43.3236,145.575,40.84,91,99,17.2
209,El Mante,MX,2021-05-30 18:25:22,22.7333,-98.9667,90.36,47,54,7.11
210,Iringa,TZ,2021-05-30 18:25:22,-7.7667,35.7,53.82,89,41,5.82
211,Tilichiki,RU,2021-05-30 18:25:22,60.4667,166.1,37.08,88,100,1.72
212,Dicabisagan,PH,2021-05-30 18:25:22,17.0818,122.4157,79.34,89,75,3.06
213,Anadyr,RU,2021-05-30 18:25:23,64.75,177.4833,41.5,70,0,6.96
214,Ayan,RU,2021-05-30 18:25:23,56.45,138.1667,36.79,97,100,4.79
215,Kayerkan,RU,2021-05-30 18:25:23,69.3497,87.7602,38.07,84,100,31.85
216,Deer Lake,CA,2021-05-30 18:25:23,49.1667,-57.4316,66.06,19,20,11.5
217,Hofn,IS,2021-05-30 18:25:24,64.2539,-15.2082,46.9,99,100,17.6
218,Sisimiut,GL,2021-05-30 18:25:24,66.9395,-53.6735,35.91,81,70,6.69
219,Hay River,CA,2021-05-30 18:25:24,60.8156,-115.7999,42.78,70,75,12.66
220,Sept-Iles,CA,2021-05-30 18:25:25,50.2001,-66.3821,61.32,53,20,4.0
221,Egvekinot,RU,2021-05-30 18:25:25,66.3167,-179.1667,38.77,46,32,7.74
222,Sechelt,CA,2021-05-30 18:25:25,49.4664,-123.7694,63.23,83,100,1.01
223,Raga,SS,2021-05-30 18:25:25,8.4596,25.678,84.51,43,75,2.48
224,Port Augusta,AU,2021-05-30 18:23:16,-32.5,137.7667,39.34,40,92,4.38
225,Camacupa,AO,2021-05-30 18:25:26,-12.0167,17.4833,62.11,36,15,4.68
226,Mahebourg,MU,2021-05-30 18:25:26,-20.4081,57.7,73.26,94,40,4.61
227,Muzhi,RU,2021-05-30 18:24:36,65.3667,64.6667,38.57,61,48,15.05
228,Bay Roberts,CA,2021-05-30 18:25:26,47.5999,-53.2648,62.35,55,69,3.38
229,Cuichapa,MX,2021-05-30 18:25:26,18.7667,-96.8667,88.0,51,43,5.26
230,Saravena,CO,2021-05-30 18:25:27,6.9538,-71.8752,86.5,58,59,5.41
231,Linjiang,CN,2021-05-30 18:25:27,41.8069,126.9078,49.8,88,98,1.83
232,College,US,2021-05-30 18:25:27,64.8569,-147.8028,58.08,55,75,5.75
233,Azul,AR,2021-05-30 18:22:59,-36.777,-59.8585,53.51,47,19,11.72
234,Coihaique,CL,2021-05-30 18:25:27,-45.5752,-72.0662,48.15,87,90,8.05
235,Chimbote,PE,2021-05-30 18:23:10,-9.0853,-78.5783,71.06,74,42,10.96
236,Bilibino,RU,2021-05-30 18:25:28,68.0546,166.4372,46.71,52,91,2.19
237,Cangzhou,CN,2021-05-30 18:25:28,38.3167,116.8667,60.66,62,5,7.09
238,Kamaishi,JP,2021-05-30 18:25:28,39.2667,141.8833,54.57,80,35,6.71
239,Khryashchevka,RU,2021-05-30 18:25:29,53.8119,49.0916,55.38,88,80,18.3
240,Oktyabrskiy,RU,2021-05-30 18:25:29,54.4815,53.471,56.19,93,33,13.56
241,Souillac,MU,2021-05-30 18:25:29,-20.5167,57.5167,73.36,94,40,6.93
242,Valea Nucarilor,RO,2021-05-30 18:25:29,45.0333,28.9333,66.63,68,75,3.53
243,Nara,JP,2021-05-30 18:21:20,34.6851,135.8049,65.48,60,0,2.04
244,Terekli-Mekteb,RU,2021-05-30 18:25:30,44.1671,45.8698,69.53,65,68,8.3
245,Bayanday,RU,2021-05-30 18:25:30,53.0661,105.5139,33.49,69,73,3.44
246,Goundam,ML,2021-05-30 18:25:30,16.4145,-3.6708,106.72,7,29,3.94
247,Poum,NC,2021-05-30 18:25:30,-20.2333,164.0167,71.46,66,47,15.03
248,Mizdah,LY,2021-05-30 18:25:31,31.4451,12.9801,85.46,22,6,10.38
249,Tukrah,LY,2021-05-30 18:25:31,32.5341,20.5791,70.9,78,0,11.97
250,Georgetown,MY,2021-05-30 18:25:31,5.4112,100.3354,82.89,85,40,5.75
251,Mindelo,CV,2021-05-30 18:25:31,16.8901,-24.9804,76.55,65,75,22.17
252,Santa Cruz De La Palma,ES,2021-05-30 18:25:32,28.6835,-17.7642,71.13,73,75,18.41
253,Kuching,MY,2021-05-30 18:24:46,1.55,110.3333,77.22,94,20,1.14
254,Lahij,YE,2021-05-30 18:25:32,13.1667,44.5833,91.04,33,37,3.29
255,Madang,PG,2021-05-30 18:25:32,-5.2246,145.7966,77.74,88,100,3.38
256,Brae,GB,2021-05-30 18:25:33,60.3964,-1.353,48.11,84,8,12.62
257,Barrhead,GB,2021-05-30 18:25:33,55.7992,-4.3929,70.02,60,34,3.0
258,Burnie,AU,2021-05-30 18:25:33,-41.0667,145.9167,40.91,88,7,3.8
259,Colombo,LK,2021-05-30 18:21:54,6.9319,79.8478,80.76,86,86,13.18
260,Wagga Wagga,AU,2021-05-30 18:25:33,-35.1167,147.3667,37.6,100,0,3.27
261,Erdaojiang,CN,2021-05-30 18:25:34,41.7764,126.0319,48.85,83,82,2.39
262,Tual,ID,2021-05-30 18:25:34,-5.6667,132.75,81.32,78,99,18.34
263,Beyneu,KZ,2021-05-30 18:25:34,45.3167,55.2,87.73,22,24,5.19
264,Ancud,CL,2021-05-30 18:23:43,-41.8697,-73.8203,56.23,94,100,16.26
265,Kahului,US,2021-05-30 18:25:34,20.8947,-156.47,80.83,73,20,3.44
266,Piacabucu,BR,2021-05-30 18:25:35,-10.4056,-36.4344,80.64,73,78,10.92
267,Cuiaba,BR,2021-05-30 18:25:33,-15.5961,-56.0967,94.93,31,0,4.61
268,Denpasar,ID,2021-05-30 18:25:35,-8.65,115.2167,78.46,94,20,3.74
269,Voznesenye,RU,2021-05-30 18:25:35,61.0106,35.4781,41.36,67,1,3.18
270,Pisco,PE,2021-05-30 18:24:55,-13.7,-76.2167,64.45,94,90,5.75
271,Pangnirtung,CA,2021-05-30 18:25:36,66.1451,-65.7125,28.4,100,90,5.75
272,Rakaia,NZ,2021-05-30 18:25:36,-43.75,172.0167,51.82,77,100,14.0
273,Yulara,AU,2021-05-30 18:23:08,-25.2406,130.9889,55.24,41,100,11.5
274,Yellowknife,CA,2021-05-30 18:23:15,62.456,-114.3525,45.12,65,75,9.22
275,Waddan,LY,2021-05-30 18:25:36,29.1614,16.139,93.4,16,59,15.26
276,Isiolo,KE,2021-05-30 18:25:36,0.3546,37.5822,69.4,68,96,8.14
277,Qasigiannguit,GL,2021-05-30 18:25:37,68.8193,-51.1922,44.85,55,52,3.67
278,Quixada,BR,2021-05-30 18:25:37,-4.9714,-39.0153,90.63,35,2,7.94
279,Agadez,NE,2021-05-30 18:25:37,19.75,10.25,96.78,7,48,10.94
280,Rumoi,JP,2021-05-30 18:25:37,43.9344,141.6428,41.58,91,100,8.57
281,Katherine,AU,2021-05-30 18:25:38,-14.4667,132.2667,61.12,77,49,7.02
282,Tanete,ID,2021-05-30 18:25:38,-3.9443,119.7848,76.01,91,100,3.42
283,Belyy Yar,RU,2021-05-30 18:25:38,53.6039,91.3903,49.89,71,0,5.3
284,Linxia,CN,2021-05-30 18:25:38,35.6003,103.2064,59.2,53,52,3.13
285,Bahia Blanca,AR,2021-05-30 18:24:31,-38.7196,-62.2724,57.15,40,45,15.43
286,Salamiyah,SY,2021-05-30 18:25:39,35.0113,37.0532,72.03,39,0,9.37
287,Nanortalik,GL,2021-05-30 18:25:39,60.1432,-45.2371,37.56,86,79,16.33
288,Metro,ID,2021-05-30 18:25:39,-5.1131,105.3067,75.29,90,46,4.16
289,Saskylakh,RU,2021-05-30 18:24:01,71.9167,114.0833,35.64,89,100,3.78
290,Olinda,BR,2021-05-30 18:25:39,-8.0089,-34.8553,74.93,88,75,12.88
291,Tanout,NE,2021-05-30 18:25:40,14.9709,8.8879,95.29,5,3,8.46
292,Yarmouth,US,2021-05-30 18:25:40,41.7057,-70.2286,52.03,93,90,21.99
293,Sarahan,IN,2021-05-30 18:25:40,31.5167,77.8,56.98,70,61,5.17
294,Talnakh,RU,2021-05-30 18:23:49,69.4865,88.3972,37.27,84,100,26.31
295,Carbonia,IT,2021-05-30 18:25:40,39.1672,8.5222,77.85,71,83,8.3
296,Cururupu,BR,2021-05-30 18:25:41,-1.8283,-44.8683,85.82,63,35,7.4
297,Harper,LR,2021-05-30 18:25:41,4.375,-7.7169,80.33,84,95,8.23
298,Halmasd,RO,2021-05-30 18:25:41,47.15,22.6167,53.62,91,93,4.54
299,Makat,KZ,2021-05-30 18:25:41,47.6469,53.3463,82.18,39,6,14.97
300,Acandi,CO,2021-05-30 18:25:42,8.5063,-77.2778,84.83,72,97,5.06
301,Walvis Bay,NA,2021-05-30 18:25:42,-22.9575,14.5053,56.08,94,17,11.34
302,Axim,GH,2021-05-30 18:25:42,4.8699,-2.2405,81.91,78,82,9.95
303,Korla,CN,2021-05-30 18:25:42,41.7597,86.1469,77.34,21,23,2.77
304,Hasaki,JP,2021-05-30 18:25:43,35.7333,140.8333,61.2,73,41,12.08
305,Beisfjord,NO,2021-05-30 18:25:43,68.3751,17.5988,45.97,99,100,4.09
306,Alappuzha,IN,2021-05-30 18:25:43,9.49,76.3264,81.14,81,99,10.69
307,Jinan,CN,2021-05-30 18:20:59,36.6683,116.9972,72.84,51,1,6.29
308,Suzun,RU,2021-05-30 18:25:43,53.7841,82.3116,55.98,68,7,2.98
309,Hurghada,EG,2021-05-30 18:25:44,27.2574,33.8129,83.07,38,100,5.73
310,Kodiak,US,2021-05-30 18:23:57,57.79,-152.4072,47.71,87,90,4.61
311,Touros,BR,2021-05-30 18:24:34,-5.1989,-35.4608,86.9,70,40,13.87
312,Macklin,CA,2021-05-30 18:25:44,52.3334,-109.9348,73.74,34,4,6.06
313,Kaniama,CD,2021-05-30 18:25:44,-7.5667,24.1833,69.98,37,29,4.56
314,Usinsk,RU,2021-05-30 18:25:45,65.9939,57.5281,39.92,67,97,11.56
315,Mackenzie,CA,2021-05-30 18:25:45,55.2999,-123.1698,57.42,51,90,8.05
316,Coffs Harbour,AU,2021-05-30 18:25:45,-30.3,153.1333,58.96,67,75,13.8
317,Kirakira,SB,2021-05-30 18:25:45,-10.4544,161.9205,77.31,89,97,7.4
318,Leningradskiy,RU,2021-05-30 18:25:45,69.3833,178.4167,34.54,82,67,2.13
319,Dandong,CN,2021-05-30 18:25:46,40.1292,124.3947,54.61,77,3,4.43
320,Palana,RU,2021-05-30 18:25:46,59.1167,159.9667,35.28,81,76,3.91
321,Campoverde,PE,2021-05-30 18:25:46,-8.4753,-74.8058,82.09,42,14,2.1
322,Mount Gambier,AU,2021-05-30 18:22:12,-37.8333,140.7667,40.91,81,17,10.36
323,Pindobacu,BR,2021-05-30 18:25:46,-10.7417,-40.3608,87.64,31,45,9.64
324,Tuatapere,NZ,2021-05-30 18:25:47,-46.1333,167.6833,49.82,96,100,8.21
325,Myanaung,MM,2021-05-30 18:25:47,18.2833,95.3167,81.48,72,74,5.01
326,Guerrero Negro,MX,2021-05-30 18:25:47,27.9769,-114.0611,65.86,61,24,16.8
327,Rio Grande,BR,2021-05-30 18:25:47,-32.035,-52.0986,59.11,43,17,11.74
328,Visnes,NO,2021-05-30 18:25:48,59.3556,5.2242,59.11,82,0,12.66
329,Pihani,IN,2021-05-30 18:25:48,27.6333,80.2,90.9,45,2,7.25
330,Canala,NC,2021-05-30 18:25:48,-21.5333,165.95,59.49,75,32,5.93
331,Ahipara,NZ,2021-05-30 18:25:48,-35.1667,173.1667,57.42,80,92,22.37
332,Katsuura,JP,2021-05-30 18:25:49,35.1333,140.3,67.19,87,32,14.2
333,Moulins,FR,2021-05-30 18:25:49,46.5,3.3333,71.89,55,32,4.92
334,Aswan,EG,2021-05-30 18:25:49,24.0934,32.907,96.3,11,99,4.59
335,Upata,VE,2021-05-30 18:25:49,8.0086,-62.3989,87.89,45,49,9.42
336,Tamala,RU,2021-05-30 18:25:50,52.541,43.2515,54.05,90,100,13.53
337,Gamba,GA,2021-05-30 18:25:50,-2.65,10.0,76.35,89,61,7.05
338,Doka,SD,2021-05-30 18:25:50,13.5167,35.7667,92.98,23,80,5.12
339,Sitka,US,2021-05-30 18:25:50,57.0531,-135.33,51.69,82,90,4.61
340,Gigmoto,PH,2021-05-30 18:25:51,13.7796,124.39,80.71,82,99,1.61
341,Fort-Shevchenko,KZ,2021-05-30 18:25:51,44.5086,50.263,72.05,80,100,22.59
342,Skeldon,GY,2021-05-30 18:25:51,5.8833,-57.1333,77.5,94,100,5.35
343,Florencia,IT,2021-05-30 18:22:01,43.7667,11.25,71.37,35,20,8.05
344,Nizwa,OM,2021-05-30 18:25:52,22.9333,57.5333,91.11,21,11,5.03
345,Yeniseysk,RU,2021-05-30 18:25:52,58.4497,92.1703,38.97,64,21,1.95
346,Half Moon Bay,US,2021-05-30 18:25:52,37.4636,-122.4286,79.9,65,1,6.06
347,Juegang,CN,2021-05-30 18:25:52,32.3174,121.1855,69.37,79,18,8.79
348,Ust-Kuyga,RU,2021-05-30 18:25:52,70.0167,135.6,50.67,71,63,5.73
349,Krasnogvardeyskoye,RU,2021-05-30 18:25:53,45.8456,41.5186,66.61,92,66,14.16
350,Minab,IR,2021-05-30 18:25:53,27.1467,57.0801,89.1,34,0,5.37
351,Trogir,HR,2021-05-30 18:25:53,43.5125,16.2517,66.25,37,0,8.05
352,Merrill,US,2021-05-30 18:23:29,45.1805,-89.6835,58.77,74,90,8.05
353,Fort Payne,US,2021-05-30 18:25:54,34.4442,-85.7197,72.72,53,40,8.05
354,Leh,IN,2021-05-30 18:25:54,34.1667,77.5833,51.91,50,62,2.89
355,Loiza,PR,2021-05-30 18:22:55,18.4313,-65.8802,88.21,58,40,14.56
356,Ossora,RU,2021-05-30 18:25:54,59.2353,163.0719,37.63,92,99,2.77
357,Severo-Kurilsk,RU,2021-05-30 18:25:54,50.6789,156.125,38.41,97,100,15.43
358,San Quintin,MX,2021-05-30 18:25:55,30.4833,-115.95,64.49,63,84,12.59
359,Kiama,AU,2021-05-30 18:25:55,-34.6833,150.8667,47.37,82,24,1.99
360,Gangtok,IN,2021-05-30 18:25:55,27.3333,88.6167,62.31,93,74,1.95
361,Sao Joao Da Barra,BR,2021-05-30 18:25:55,-21.6403,-41.0511,82.49,75,56,11.83
362,Camacha,PT,2021-05-30 18:25:56,33.0833,-16.3333,65.16,59,40,14.97
363,Palmer,US,2021-05-30 18:23:05,42.1584,-72.3287,50.47,84,90,1.99
364,Viedma,AR,2021-05-30 18:22:22,-40.8135,-62.9967,57.22,38,40,17.29
365,Itoman,JP,2021-05-30 18:25:56,26.1247,127.6694,75.22,96,75,9.22
366,Lakatoro,VU,2021-05-30 18:25:56,-16.0999,167.4164,71.1,87,100,6.13
367,Chiredzi,ZW,2021-05-30 18:25:56,-21.05,31.6667,67.23,28,1,6.69
368,Cherskiy,RU,2021-05-30 18:22:44,68.75,161.3,53.64,42,10,6.44
369,Wanning,CN,2021-05-30 18:25:57,18.8003,110.3967,81.97,88,68,10.63
370,Prainha,BR,2021-05-30 18:25:57,-1.8,-53.48,87.91,54,24,4.29
371,Lufilufi,WS,2021-05-30 18:25:57,-13.8745,-171.5986,74.98,73,24,16.62
372,Rio Gallegos,AR,2021-05-30 18:25:58,-51.6226,-69.2181,37.45,70,40,11.5
373,Yongan,CN,2021-05-30 18:25:58,39.6957,113.6871,58.5,49,35,9.86
374,Bonthe,SL,2021-05-30 18:25:58,7.5264,-12.505,80.87,82,100,7.74
375,Bhatkal,IN,2021-05-30 18:25:58,13.9667,74.5667,80.92,79,66,4.09
376,Energetik,RU,2021-05-30 18:25:59,51.7445,58.7934,67.98,68,18,5.84
377,Araguacu,BR,2021-05-30 18:25:59,-12.9306,-49.8264,93.56,28,24,3.87
378,Saint-Pierre,RE,2021-05-30 18:25:59,-21.3393,55.4781,71.29,56,0,8.05
379,Alta Floresta,BR,2021-05-30 18:21:42,-9.8756,-56.0861,87.42,43,52,4.81
380,Pemba,MZ,2021-05-30 18:25:59,-12.974,40.5178,79.43,68,84,12.03
381,Zyryanka,RU,2021-05-30 18:26:00,65.75,150.85,53.17,49,85,9.51
382,Goulburn,AU,2021-05-30 18:26:00,-34.75,149.7167,28.58,89,0,1.68
383,Khani,GE,2021-05-30 18:26:00,41.9563,42.9566,54.97,95,54,1.95
384,Oranjestad,AW,2021-05-30 18:24:22,12.524,-70.027,85.95,62,20,19.57
385,Jalu,LY,2021-05-30 18:26:00,29.0331,21.5482,94.28,16,2,11.52
386,Marsa Matruh,EG,2021-05-30 18:26:01,31.3525,27.2453,79.2,50,40,23.04
387,Bud,US,2021-05-30 18:26:01,39.447,-86.1758,68.22,41,0,7.83
388,Arys,KZ,2021-05-30 18:26:01,42.4252,68.795,79.02,40,2,9.91
389,Emerald,AU,2021-05-30 18:26:01,-23.5333,148.1667,51.94,54,0,8.05
390,Hamilton,US,2021-05-30 18:26:02,39.1834,-84.5333,62.37,67,90,1.01
391,Shimoda,JP,2021-05-30 18:26:02,34.6667,138.95,68.11,76,63,10.58
392,Montrose,US,2021-05-30 18:26:02,38.4166,-108.2673,67.41,25,75,7.58
393,Portland,US,2021-05-30 18:23:17,45.5234,-122.6762,74.05,53,75,1.99
394,Gat,IL,2021-05-30 18:26:02,31.61,34.7642,80.4,47,47,7.67
395,Praia,CV,2021-05-30 18:26:03,14.9215,-23.5087,79.34,57,0,16.11
396,Namibe,AO,2021-05-30 18:26:03,-15.1961,12.1522,70.93,76,11,12.55
397,Taltal,CL,2021-05-30 18:26:03,-25.4,-70.4833,66.87,70,18,5.66
398,Bontang,ID,2021-05-30 18:26:03,0.1333,117.5,79.61,86,61,7.05
399,Tezu,IN,2021-05-30 18:26:04,27.9167,96.1667,75.24,76,19,4.09
400,Chicama,PE,2021-05-30 18:26:04,-7.8447,-79.1469,66.74,62,63,10.09
401,Istok,XK,2021-05-30 18:26:04,42.7808,20.4875,51.15,90,99,2.53
402,Gryazovets,RU,2021-05-30 18:26:04,58.88,40.2525,42.35,58,71,7.85
403,Helmsdale,GB,2021-05-30 18:26:05,58.1168,-3.6517,64.94,80,29,2.24
404,Nechi,CO,2021-05-30 18:26:05,8.0942,-74.7757,86.76,67,74,2.55
405,Pitimbu,BR,2021-05-30 18:26:05,-7.4706,-34.8086,84.79,77,90,13.11
406,Faanui,PF,2021-05-30 18:26:05,-16.4833,-151.75,80.08,76,90,15.59
407,Campana,AR,2021-05-30 18:26:06,-34.1687,-58.9591,63.32,42,5,7.74
408,Banda Aceh,ID,2021-05-30 18:26:06,5.5577,95.3222,81.05,71,86,12.46
409,Quatre Cocos,MU,2021-05-30 18:26:06,-20.2078,57.7625,73.09,79,3,7.05
410,Fortuna,US,2021-05-30 18:26:06,40.5982,-124.1573,75.42,78,96,1.99
411,Geraldton,AU,2021-05-30 18:26:07,-28.7667,114.6,57.61,88,75,17.11
412,Port Hedland,AU,2021-05-30 18:26:07,-20.3167,118.5667,68.05,83,75,5.75
413,Myitkyina,MM,2021-05-30 18:24:00,25.3833,97.4,74.12,98,33,1.01
414,San Patricio,US,2021-05-30 18:26:07,28.017,-97.5169,87.89,56,13,14.47
415,Ulundi,ZA,2021-05-30 18:26:07,-28.3352,31.4162,53.64,88,45,3.62
416,Pontes E Lacerda,BR,2021-05-30 18:26:08,-15.2261,-59.3353,94.1,26,18,4.94
417,La Ronge,CA,2021-05-30 18:26:08,55.1001,-105.2842,62.85,39,20,4.61
418,Sangar,RU,2021-05-30 18:26:08,63.9242,127.4739,39.27,92,13,2.48
419,Te Anau,NZ,2021-05-30 18:26:08,-45.4167,167.7167,47.71,97,100,5.08
420,Santa Rosa,PH,2021-05-30 18:24:43,14.3122,121.1114,84.18,87,64,1.03
421,Belmonte,BR,2021-05-30 18:26:09,-15.8631,-38.8828,82.9,65,29,7.58
422,Qurayyat,SA,2021-05-30 18:26:09,31.3318,37.3428,84.38,15,0,11.12
423,Sahuaripa,MX,2021-05-30 18:26:09,29.05,-109.2333,92.53,13,100,8.1
424,Fare,PF,2021-05-30 18:26:09,-16.7,-151.0167,79.57,78,94,15.7
425,Mehamn,NO,2021-05-30 18:24:21,71.0357,27.8492,42.98,87,75,12.66
426,Kununurra,AU,2021-05-30 18:22:17,-15.7667,128.7333,60.78,82,65,0.0
427,Taldan,RU,2021-05-30 18:26:10,53.6667,124.8,42.84,98,56,3.91
428,Luderitz,NA,2021-05-30 18:26:10,-26.6481,15.1594,60.78,67,84,15.3
429,Araouane,ML,2021-05-30 18:26:10,18.9048,-3.5265,105.8,5,5,7.31
430,Benguela,AO,2021-05-30 18:26:10,-12.5763,13.4055,76.03,73,1,8.75
431,Elizabethtown,US,2021-05-30 18:26:11,37.694,-85.8591,69.1,50,75,4.61
432,Lazurne,UA,2021-05-30 18:26:11,46.084,32.5295,63.05,78,97,7.38
433,Turbat,PK,2021-05-30 18:26:11,26.0023,63.044,92.39,31,0,7.78
434,Samarai,PG,2021-05-30 18:26:11,-10.6167,150.6667,79.32,75,99,15.61
435,Sarakhs,IR,2021-05-30 18:26:12,36.5449,61.1577,95.14,11,0,4.61
436,Omboue,GA,2021-05-30 18:26:12,-1.5746,9.2618,76.82,89,73,8.28
437,Okakarara,NA,2021-05-30 18:26:12,-20.5833,17.4333,61.92,23,84,5.26
438,Saint Anthony,US,2021-05-30 18:26:12,45.0205,-93.218,60.06,83,90,3.0
439,Petropavlovsk-Kamchatskiy,RU,2021-05-30 18:22:26,53.0452,158.6483,37.99,87,75,3.53
440,San Joaquin,US,2021-05-30 18:26:13,37.9333,-121.3011,83.28,51,1,3.44
441,Toamasina,MG,2021-05-30 18:26:13,-18.1667,49.3833,69.8,94,20,2.3
442,Kalyan,IN,2021-05-30 18:26:13,19.25,73.15,84.15,68,92,6.58
443,Jasper,US,2021-05-30 18:26:13,37.2001,-94.3502,69.46,68,40,1.01
444,Verkhnyaya Inta,RU,2021-05-30 18:26:14,65.9811,60.3094,39.47,59,96,10.04
445,Folldal,NO,2021-05-30 18:26:14,62.1325,9.9968,67.32,40,35,6.26
446,Singkang,MY,2021-05-30 18:26:14,2.1006,102.7994,78.69,89,79,2.1
447,Novyy Starodub,UA,2021-05-30 18:26:14,48.5158,33.1733,62.94,86,88,5.73
448,Hun,LY,2021-05-30 18:26:15,29.1268,15.9477,94.26,15,46,12.35
449,Acapulco,MX,2021-05-30 18:26:15,16.8634,-99.8901,89.42,58,20,9.75
450,Phangnga,TH,2021-05-30 18:26:15,8.4509,98.5298,85.82,93,93,2.66
451,Kollam,IN,2021-05-30 18:26:15,8.8833,76.6,82.27,83,95,11.77
452,Pyapon,MM,2021-05-30 18:26:16,16.2833,95.6833,81.14,83,88,4.92
453,Voh,NC,2021-05-30 18:26:16,-20.9667,164.7,66.78,73,84,5.97
454,Veinticinco De Mayo,AR,2021-05-30 18:26:16,-35.4323,-60.1727,62.06,63,1,5.01
455,Tsiroanomandidy,MG,2021-05-30 18:26:16,-18.7667,46.0333,67.37,68,95,0.89
456,Erenhot,CN,2021-05-30 18:26:16,43.6475,111.9767,68.4,24,97,22.37
457,Koroni,GR,2021-05-30 18:26:17,36.8,21.95,69.51,67,21,11.23
458,Coxim,BR,2021-05-30 18:26:17,-18.5067,-54.76,90.79,30,57,6.78
459,Cairns,AU,2021-05-30 18:23:10,-16.9167,145.7667,69.06,93,75,11.5
460,Kontagora,NG,2021-05-30 18:26:17,10.3999,5.4695,91.17,34,30,3.4
461,Rosario,AR,2021-05-30 18:21:40,-32.9468,-60.6393,67.95,29,0,1.99
462,Magadan,RU,2021-05-30 18:26:17,59.5667,150.8,35.17,99,100,5.95
463,Macrohon,PH,2021-05-30 18:26:18,10.0797,124.9431,80.17,81,100,6.51
464,Sawakin,SD,2021-05-30 18:26:18,19.1059,37.3321,90.09,41,8,7.72
465,Ampanihy,MG,2021-05-30 18:26:18,-24.7,44.75,65.48,82,9,1.95
466,Saint-Leu,RE,2021-05-30 18:26:19,-21.15,55.2833,70.68,76,2,2.71
467,Mahenge,TZ,2021-05-30 18:26:19,-8.6833,36.7167,60.66,63,21,2.8
468,Dombarovskiy,RU,2021-05-30 18:26:19,50.7587,59.5386,72.21,54,13,7.18
469,Altay,CN,2021-05-30 18:26:19,47.8667,88.1167,59.79,19,4,6.62
470,Martinsville,US,2021-05-30 18:23:16,36.6915,-79.8725,63.68,67,90,5.75
471,Iberia,US,2021-05-30 18:26:20,29.9502,-91.7507,79.99,61,1,6.15
472,Henties Bay,NA,2021-05-30 18:26:20,-22.116,14.2845,55.85,84,49,5.84
473,Cloquet,US,2021-05-30 18:26:20,46.7216,-92.4594,59.68,76,90,6.91
474,Siocon,PH,2021-05-30 18:26:20,7.7061,122.1353,78.84,88,93,0.78
475,Qingdao,CN,2021-05-30 18:26:20,36.0986,120.3719,65.8,82,40,6.04
476,Los Llanos De Aridane,ES,2021-05-30 18:23:18,28.6585,-17.9182,67.12,78,75,14.36
477,Galveston,US,2021-05-30 18:25:12,29.3669,-94.9669,84.22,79,90,1.99
478,Manokwari,ID,2021-05-30 18:26:21,-0.8667,134.0833,79.56,81,100,2.35
479,Verkhnyaya Toyma,RU,2021-05-30 18:26:21,62.2349,44.9985,39.04,69,75,3.6
480,Maumere,ID,2021-05-30 18:26:21,-8.6199,122.2111,76.87,82,96,3.89
481,Birin,NP,2021-05-30 18:26:22,26.8865,88.0718,62.26,87,22,4.59
482,Alofi,NU,2021-05-30 18:26:22,-19.0595,-169.9187,75.09,94,38,3.44
483,Itapirapua,BR,2021-05-30 18:26:22,-15.8233,-50.6133,94.35,26,68,2.44
484,Halifax,CA,2021-05-30 18:21:58,44.6453,-63.5724,57.42,78,100,5.99
485,Pozo Colorado,PY,2021-05-30 18:26:22,-23.4923,-58.7972,72.23,32,89,9.06
486,Akyab,MM,2021-05-30 18:26:23,20.15,92.9,83.14,81,93,4.36
487,Azare,NG,2021-05-30 18:26:23,11.6765,10.1948,96.96,8,3,7.38
488,Bajil,YE,2021-05-30 18:26:23,15.0584,43.2851,93.38,35,8,8.28
489,Barentu,ER,2021-05-30 18:26:23,15.1139,37.5928,93.92,15,80,14.94
490,Ivrea,IT,2021-05-30 18:26:24,45.4672,7.8762,73.31,64,83,1.99
491,Goya,AR,2021-05-30 18:26:24,-29.14,-59.2626,64.49,34,3,6.26
492,Sibolga,ID,2021-05-30 18:26:24,1.7427,98.7792,76.21,90,56,2.91
493,Moissac,FR,2021-05-30 18:26:25,44.1024,1.0945,79.32,65,24,4.9
494,Mayumba,GA,2021-05-30 18:26:25,-3.432,10.6554,77.05,87,54,6.69
495,Wilmington Island,US,2021-05-30 18:26:25,32.0036,-80.9737,82.96,48,75,1.99
496,Paamiut,GL,2021-05-30 18:26:25,61.994,-49.6678,35.35,92,65,23.11
497,Senador Jose Porfirio,BR,2021-05-30 18:26:26,-2.5908,-51.9542,88.2,55,46,1.36
498,Kismayo,SO,2021-05-30 18:26:26,-0.3582,42.5454,78.53,83,80,14.36
499,Arman,RU,2021-05-30 18:26:26,59.7,150.1667,36.93,99,100,4.99
500,Preobrazheniye,RU,2021-05-30 18:26:26,42.9019,133.9064,45.81,95,100,7.83
501,Bubaque,GW,2021-05-30 18:26:27,11.2833,-15.8333,78.01,73,63,14.41
502,Kakamigahara,JP,2021-05-30 18:26:27,35.4167,136.8667,58.55,74,0,4.52
503,Havre-Saint-Pierre,CA,2021-05-30 18:26:27,50.2334,-63.5986,59.36,47,1,9.22
504,Opuwo,NA,2021-05-30 18:26:27,-18.0607,13.84,67.73,24,35,7.2
505,Huarmey,PE,2021-05-30 18:26:28,-10.0681,-78.1522,71.33,74,53,11.3
506,Latung,PH,2021-05-30 18:26:28,5.5,120.8833,83.8,75,63,6.4
507,Horqueta,PY,2021-05-30 18:26:28,-23.3428,-57.0597,71.56,62,94,4.99
508,Anito,PH,2021-05-30 18:26:28,12.4497,125.2886,78.12,92,84,2.66
509,Maymyo,MM,2021-05-30 18:26:29,22.0333,96.4667,68.88,89,60,1.77
510,Whitehorse,CA,2021-05-30 18:25:08,60.7161,-135.0538,52.57,46,75,17.0
511,Teruel,ES,2021-05-30 18:24:59,40.6667,-0.6667,64.36,80,97,4.23
512,Chapais,CA,2021-05-30 18:26:29,49.7834,-74.8492,65.98,25,0,7.2
513,Severomuysk,RU,2021-05-30 18:26:29,56.1481,113.4267,21.25,95,100,4.61
514,Hambantota,LK,2021-05-30 18:26:29,6.1241,81.1185,80.94,89,40,18.9
515,Rawson,AR,2021-05-30 18:26:30,-43.3002,-65.1023,47.03,80,100,14.76
516,Santa Luzia,BR,2021-05-30 18:26:30,-19.7697,-43.8514,84.34,47,40,6.13
517,Ottawa,CA,2021-05-30 18:25:18,45.4112,-75.6981,70.75,27,75,5.01
518,Kavaratti,IN,2021-05-30 18:26:30,10.5669,72.642,83.25,75,100,16.58
519,Laibin,CN,2021-05-30 18:26:31,23.7,109.2667,74.37,90,90,4.14
520,Knysna,ZA,2021-05-30 18:26:31,-34.0363,23.0471,53.98,86,99,5.12
521,Aklavik,CA,2021-05-30 18:22:29,68.2191,-135.0107,43.63,52,20,13.8
522,Gatesville,US,2021-05-30 18:26:31,31.4352,-97.7439,80.89,91,100,12.39
523,Pachino,IT,2021-05-30 18:26:31,36.7186,15.0907,73.4,40,30,4.61
524,Camana,PE,2021-05-30 18:26:32,-16.6228,-72.7111,69.48,75,100,9.44
525,Micheweni,TZ,2021-05-30 18:26:32,-4.9667,39.8333,76.91,84,51,9.62
526,Polis,CY,2021-05-30 18:26:33,35.0367,32.4264,73.4,73,20,5.75
527,Ekhabi,RU,2021-05-30 18:26:33,53.5102,142.9671,32.49,91,65,5.1
528,Lingao,CN,2021-05-30 18:26:34,19.9103,109.6859,83.82,77,100,5.53
529,Aykhal,RU,2021-05-30 18:26:34,66.0,111.5,49.33,48,11,4.43
530,Pekan,MY,2021-05-30 18:26:35,3.4836,103.3996,80.71,88,50,5.12
531,Duartina,BR,2021-05-30 18:26:35,-22.4144,-49.4039,79.95,27,93,10.2
532,Wajid,SO,2021-05-30 18:26:35,3.8093,43.2471,82.62,45,99,11.52
533,Coahuayana,MX,2021-05-30 18:26:36,18.7333,-103.6833,96.28,29,92,7.45
534,Tulum,MX,2021-05-30 18:26:36,20.2167,-87.4667,91.4,46,40,10.36
535,Slave Lake,CA,2021-05-30 18:26:36,55.2834,-114.769,64.38,42,1,8.05
536,Saint-Georges,GD,2021-05-30 18:26:37,12.0564,-61.7485,83.88,70,75,17.27
537,Hovd,MN,2021-05-30 18:22:50,48.0056,91.6419,50.27,34,0,2.26
538,Kananga,CD,2021-05-30 18:26:37,-5.8958,22.4178,74.66,42,66,3.31
539,Ust-Kut,RU,2021-05-30 18:26:38,56.7938,105.7672,33.28,85,99,1.9
540,Jiangyou,CN,2021-05-30 18:26:38,31.7667,104.7167,71.98,74,89,2.06
541,Sangueya,GN,2021-05-30 18:26:38,10.7,-14.3667,85.66,48,47,10.51
542,Vardo,NO,2021-05-30 18:26:38,70.3705,31.1107,42.78,75,75,13.8
543,Broken Hill,AU,2021-05-30 18:22:18,-31.95,141.4333,42.51,49,3,6.91
