City_ID,City,Lat,Lng,Max Temp,Humidity,Cloudiness,Wind Speed,Country,Description,Date
0,Dzhebariki-Khaya,62.2167,135.8,55.15,65,100,1.7,RU,overcast clouds,2021-06-06 15:46:11
1,Castro,-24.7911,-50.0119,74.88,43,95,6.87,BR,overcast clouds,2021-06-06 15:46:11
2,Komsomolskiy,40.4272,71.7189,92.12,21,46,6.91,UZ,scattered clouds,2021-06-06 15:46:11
3,Avarua,-21.2078,-159.775,68.05,77,75,2.3,CK,broken clouds,2021-06-06 15:42:56
4,Touros,-5.1989,-35.4608,83.3,68,41,14.97,BR,scattered clouds,2021-06-06 15:41:35
5,Elban,50.1018,136.5094,49.93,98,81,4.65,RU,broken clouds,2021-06-06 15:46:12
6,Port-Gentil,-0.7193,8.7815,84.16,74,40,13.8,GA,scattered clouds,2021-06-06 15:46:12
7,Zermatt,46.0213,7.7491,71.76,100,40,3.69,CH,scattered clouds,2021-06-06 15:46:12
8,East London,-33.0153,27.9116,67.14,48,0,8.05,ZA,clear sky,2021-06-06 15:46:12
9,Hermanus,-34.4187,19.2345,64.8,45,9,7.25,ZA,clear sky,2021-06-06 15:43:20
10,Rajpur,22.3,74.35,87.91,52,69,13.18,IN,broken clouds,2021-06-06 15:46:13
11,Vaini,-21.2,-175.2,71.76,83,20,8.05,TO,few clouds,2021-06-06 15:46:13
12,Avenal,36.0041,-120.129,75.54,25,12,4.36,US,few clouds,2021-06-06 15:46:13
13,Zarinsk,53.7074,84.9493,56.39,87,100,7.31,RU,overcast clouds,2021-06-06 15:46:14
14,Mitsamiouli,-11.3847,43.2844,79.48,71,62,19.24,KM,broken clouds,2021-06-06 15:46:14
15,Bluff,-46.6,168.3333,46.27,84,63,5.37,NZ,broken clouds,2021-06-06 15:46:14
16,Jamestown,42.097,-79.2353,82.02,54,1,10.0,US,clear sky,2021-06-06 15:46:14
17,Naze,28.3667,129.4833,68.52,92,100,5.91,JP,overcast clouds,2021-06-06 15:46:15
18,Cape Town,-33.9258,18.4232,77.41,23,0,11.72,ZA,clear sky,2021-06-06 15:46:15
19,Bubaque,11.2833,-15.8333,80.1,82,8,10.98,GW,clear sky,2021-06-06 15:46:15
20,Port Elizabeth,-33.918,25.5701,73.69,18,0,4.61,ZA,clear sky,2021-06-06 15:46:15
21,Tasiilaq,65.6145,-37.6368,42.96,92,92,3.91,GL,overcast clouds,2021-06-06 15:43:00
22,Atuona,-9.8,-139.0333,79.16,66,68,11.12,PF,broken clouds,2021-06-06 15:46:16
23,Byron Bay,-28.65,153.6167,51.87,87,11,7.94,AU,few clouds,2021-06-06 15:46:16
24,Yellowknife,62.456,-114.3525,45.32,70,75,7.0,CA,broken clouds,2021-06-06 15:45:14
25,Mandal,25.45,74.5667,88.21,45,88,8.63,IN,overcast clouds,2021-06-06 15:46:16
26,Port Alfred,-33.5906,26.891,65.7,43,0,9.26,ZA,clear sky,2021-06-06 15:46:16
27,Punta Arenas,-53.15,-70.9167,37.51,87,0,9.33,CL,clear sky,2021-06-06 15:43:18
28,College,64.8569,-147.8028,55.38,68,75,3.44,US,broken clouds,2021-06-06 15:44:01
29,Kushima,31.4583,131.2333,66.31,93,100,0.67,JP,overcast clouds,2021-06-06 15:46:17
30,Tonj,7.2737,28.6822,83.84,61,88,5.28,SS,overcast clouds,2021-06-06 15:46:17
31,Roald,62.5833,6.1333,61.16,88,75,9.22,NO,broken clouds,2021-06-06 15:46:17
32,Saint-Philippe,-21.3585,55.7679,72.99,83,73,12.57,RE,light rain,2021-06-06 15:46:17
33,Albany,42.6001,-73.9662,88.92,50,56,1.99,US,broken clouds,2021-06-06 15:46:18
34,Ayacucho,-13.1583,-74.2239,58.86,38,75,2.3,PE,broken clouds,2021-06-06 15:46:18
35,Northam,51.0333,-4.2167,68.67,83,72,6.55,GB,broken clouds,2021-06-06 15:46:18
36,Milkovo,54.7167,158.6167,39.79,91,100,0.96,RU,overcast clouds,2021-06-06 15:46:18
37,Hilo,19.7297,-155.09,71.28,87,75,6.91,US,light rain,2021-06-06 15:46:19
38,Qaanaaq,77.484,-69.3632,39.74,84,84,4.65,GL,broken clouds,2021-06-06 15:46:19
39,New Norfolk,-42.7826,147.0587,52.92,84,100,4.61,AU,overcast clouds,2021-06-06 15:46:19
40,Gisborne,-38.6533,178.0042,57.31,82,100,9.13,NZ,heavy intensity rain,2021-06-06 15:46:19
41,Nikolskoye,59.7035,30.7861,76.39,44,14,5.08,RU,few clouds,2021-06-06 15:46:20
42,Rikitea,-23.1203,-134.9692,76.44,82,97,14.7,PF,light rain,2021-06-06 15:46:20
43,Vestmannaeyjar,63.4427,-20.2734,49.19,93,75,11.5,IS,light rain,2021-06-06 15:46:20
44,Ushuaia,-54.8,-68.3,38.86,70,75,4.61,AR,broken clouds,2021-06-06 15:42:55
45,Taltal,-25.4,-70.4833,64.6,70,0,6.89,CL,clear sky,2021-06-06 15:46:20
46,Katsuura,35.1333,140.3,70.11,90,100,6.11,JP,overcast clouds,2021-06-06 15:46:21
47,Khatanga,71.9667,102.5,34.21,86,99,4.97,RU,overcast clouds,2021-06-06 15:46:21
48,Cidreira,-30.1811,-50.2056,64.04,80,100,8.21,BR,overcast clouds,2021-06-06 15:46:21
49,Homer,59.6425,-151.5483,56.77,80,1,4.61,US,clear sky,2021-06-06 15:46:21
50,Namatanai,-3.6667,152.4333,79.29,84,100,5.68,PG,light rain,2021-06-06 15:46:22
51,Carnarvon,-24.8667,113.6333,64.47,72,40,9.22,AU,scattered clouds,2021-06-06 15:46:22
52,Lasa,46.6166,10.7002,69.71,82,99,4.72,IT,overcast clouds,2021-06-06 15:46:22
53,Butaritari,3.0707,172.7902,81.63,75,7,7.25,KI,light rain,2021-06-06 15:46:22
54,Cravo Norte,6.3017,-70.2041,81.18,80,100,9.55,CO,light rain,2021-06-06 15:46:23
55,Havelock,34.8791,-76.9013,85.95,76,40,1.99,US,scattered clouds,2021-06-06 15:46:23
56,Hamilton,39.1834,-84.5333,85.24,76,90,1.01,US,light rain,2021-06-06 15:42:27
57,Gat,31.61,34.7642,81.39,46,0,11.23,IL,clear sky,2021-06-06 15:43:45
58,Praia,14.9215,-23.5087,84.74,45,0,23.02,CV,clear sky,2021-06-06 15:46:23
59,Puerto Ayora,-0.7393,-90.3518,76.96,85,26,5.99,EC,scattered clouds,2021-06-06 15:45:11
60,Paita,-5.0892,-81.1144,73.96,72,100,10.74,PE,overcast clouds,2021-06-06 15:46:24
61,Cabra,37.4725,-4.4421,90.84,24,0,6.55,ES,clear sky,2021-06-06 15:46:24
62,Svetlaya,46.5389,138.3297,50.16,92,56,5.64,RU,broken clouds,2021-06-06 15:46:24
63,Wukari,7.85,9.7833,89.49,53,74,6.91,NG,broken clouds,2021-06-06 15:46:24
64,Codrington,-38.2667,141.9667,55.17,72,100,16.84,AU,overcast clouds,2021-06-06 15:46:25
65,Constitucion,-35.3333,-72.4167,54.95,50,92,5.06,CL,overcast clouds,2021-06-06 15:46:25
66,Iracoubo,5.4802,-53.2011,76.86,89,87,11.32,GF,overcast clouds,2021-06-06 15:46:25
67,Krasnyy Yar,46.5331,48.3456,76.96,39,58,9.37,RU,broken clouds,2021-06-06 15:46:25
68,Kodiak,57.79,-152.4072,53.11,50,1,16.11,US,clear sky,2021-06-06 15:46:26
69,Dicabisagan,17.0818,122.4157,80.53,88,100,5.28,PH,overcast clouds,2021-06-06 15:46:26
70,Nahan,30.55,77.3,83.07,40,32,7.56,IN,scattered clouds,2021-06-06 15:46:26
71,Yabrud,33.9674,36.6574,78.46,27,0,7.83,SY,clear sky,2021-06-06 15:46:26
72,Thompson,55.7435,-97.8558,55.56,88,90,3.44,CA,overcast clouds,2021-06-06 15:43:13
73,Provideniya,64.3833,-173.3,36.48,74,14,4.83,RU,few clouds,2021-06-06 15:46:27
74,Cherskiy,68.75,161.3,59.2,52,38,12.35,RU,scattered clouds,2021-06-06 15:46:27
75,Acapulco,16.8634,-99.8901,85.82,66,40,5.41,MX,scattered clouds,2021-06-06 15:43:44
76,Nantucket,41.2835,-70.0995,87.91,90,9,13.76,US,clear sky,2021-06-06 15:46:27
77,Oussouye,12.485,-16.5469,93.38,54,42,12.15,SN,scattered clouds,2021-06-06 15:46:27
78,Chimoio,-19.1164,33.4833,62.46,72,40,5.99,MZ,scattered clouds,2021-06-06 15:46:28
79,Kalevala,65.2,31.1667,63.75,44,73,7.67,RU,broken clouds,2021-06-06 15:46:28
80,Santa Maria,-29.6842,-53.8069,60.1,94,90,8.05,BR,light intensity drizzle,2021-06-06 15:43:41
81,Upernavik,72.7868,-56.1549,36.86,82,14,3.58,GL,few clouds,2021-06-06 15:46:28
82,Esperance,-33.8667,121.9,57.04,69,57,25.93,AU,light rain,2021-06-06 15:46:28
83,Dikson,73.5069,80.5464,30.72,88,100,11.79,RU,overcast clouds,2021-06-06 15:46:29
84,Poltavka,54.3663,71.7632,63.12,42,2,4.34,RU,clear sky,2021-06-06 15:46:29
85,Abdulino,53.7,53.6667,63.81,60,35,3.44,RU,scattered clouds,2021-06-06 15:46:29
86,Hobart,-42.8794,147.3294,53.26,86,75,1.01,AU,broken clouds,2021-06-06 15:46:29
87,Faanui,-16.4833,-151.75,80.56,72,2,11.88,PF,clear sky,2021-06-06 15:46:30
88,Busselton,-33.65,115.3333,51.08,71,28,8.52,AU,scattered clouds,2021-06-06 15:46:30
89,Zasosna,50.6307,38.3965,64.06,82,20,4.9,RU,few clouds,2021-06-06 15:46:30
90,Brigantine,39.4101,-74.3646,91.27,60,1,11.54,US,clear sky,2021-06-06 15:46:30
91,Bahia Honda,22.9036,-83.1592,88.0,60,49,7.16,CU,scattered clouds,2021-06-06 15:46:31
92,Hofn,64.2539,-15.2082,50.02,93,90,11.5,IS,mist,2021-06-06 15:46:31
93,Chegdomyn,51.1167,133.0167,50.18,72,16,3.87,RU,few clouds,2021-06-06 15:46:31
94,Hasaki,35.7333,140.8333,66.6,90,100,4.9,JP,overcast clouds,2021-06-06 15:46:31
95,Ancud,-41.8697,-73.8203,50.23,77,100,9.37,CL,overcast clouds,2021-06-06 15:46:32
96,Margate,51.3813,1.3862,71.74,81,38,7.45,GB,scattered clouds,2021-06-06 15:46:32
97,Road Town,18.4167,-64.6167,84.29,78,20,11.5,VG,few clouds,2021-06-06 15:42:25
98,Bulungu,-4.55,18.6,84.85,43,45,4.36,CD,scattered clouds,2021-06-06 15:46:32
99,Sao Filipe,14.8961,-24.4956,76.87,66,64,9.75,CV,broken clouds,2021-06-06 15:46:32
100,Husavik,66.0449,-17.3389,58.91,60,65,10.65,IS,broken clouds,2021-06-06 15:44:22
101,Nianzishan,47.5167,122.8833,58.98,53,0,2.51,CN,clear sky,2021-06-06 15:46:33
102,Cabo San Lucas,22.8909,-109.9124,94.8,51,43,5.01,MX,scattered clouds,2021-06-06 15:44:11
103,Saldanha,-33.0117,17.9442,78.85,46,31,11.7,ZA,scattered clouds,2021-06-06 15:46:33
104,Kyzyl-Suu,42.3414,78.0056,59.0,71,100,8.37,KG,overcast clouds,2021-06-06 15:46:33
105,Arraial Do Cabo,-22.9661,-42.0278,84.16,58,0,13.8,BR,clear sky,2021-06-06 15:46:33
106,Muslyumovo,55.3033,53.1947,64.78,61,6,3.53,RU,clear sky,2021-06-06 15:46:34
107,Iqaluit,63.7506,-68.5145,33.53,93,75,5.01,CA,broken clouds,2021-06-06 15:44:43
108,Primorsko-Akhtarsk,46.0497,38.1747,66.04,67,100,17.38,RU,overcast clouds,2021-06-06 15:46:34
109,Heishan,41.6892,122.1128,66.13,53,0,3.83,CN,clear sky,2021-06-06 15:46:34
110,Georgetown,5.4112,100.3354,82.33,85,20,2.3,MY,few clouds,2021-06-06 15:46:34
111,Baykit,61.67,96.37,33.84,72,16,1.43,RU,few clouds,2021-06-06 15:43:37
112,Klaksvik,62.2266,-6.589,49.12,92,100,19.22,FO,overcast clouds,2021-06-06 15:46:35
113,Angra Dos Reis,-23.0067,-44.3181,82.36,45,100,1.86,BR,overcast clouds,2021-06-06 15:44:14
114,Bandarbeyla,9.4942,50.8122,80.82,80,4,29.68,SO,clear sky,2021-06-06 15:46:35
115,Turukhansk,65.8167,87.9833,36.41,84,87,2.62,RU,overcast clouds,2021-06-06 15:46:35
116,Bacabal,-4.2917,-44.7917,88.56,48,5,5.7,BR,clear sky,2021-06-06 15:46:36
117,Mar Del Plata,-38.0023,-57.5575,57.0,63,0,5.01,AR,clear sky,2021-06-06 15:42:24
118,Elizabeth City,36.2946,-76.2511,90.0,74,1,4.0,US,clear sky,2021-06-06 15:46:12
119,Bredasdorp,-34.5322,20.0403,74.52,29,11,6.49,ZA,few clouds,2021-06-06 15:42:57
120,Salinas,36.6777,-121.6555,59.61,77,90,3.44,US,overcast clouds,2021-06-06 15:44:56
121,Maicao,11.3832,-72.2432,84.6,65,100,14.47,CO,overcast clouds,2021-06-06 15:46:36
122,Grindavik,63.8424,-22.4338,50.47,81,90,15.41,IS,light rain,2021-06-06 15:46:36
123,Chuy,-33.6971,-53.4616,58.23,64,100,6.58,UY,overcast clouds,2021-06-06 15:46:37
124,Hithadhoo,-0.6,73.0833,83.55,71,82,11.86,MV,broken clouds,2021-06-06 15:46:37
125,Port Lincoln,-34.7333,135.8667,58.78,60,66,16.13,AU,broken clouds,2021-06-06 15:46:37
126,Tiksi,71.6872,128.8694,42.12,69,85,8.25,RU,overcast clouds,2021-06-06 15:46:37
127,Zhigansk,66.7697,123.3711,47.66,42,37,7.72,RU,scattered clouds,2021-06-06 15:46:37
128,Baruun-Urt,46.6806,113.2792,65.61,35,98,3.47,MN,overcast clouds,2021-06-06 15:46:38
129,Barrow,71.2906,-156.7887,30.22,93,90,10.36,US,mist,2021-06-06 15:46:38
130,Mataura,-46.1927,168.8643,44.06,86,99,2.08,NZ,overcast clouds,2021-06-06 15:46:38
131,Mackay,-21.15,149.2,62.58,82,40,8.05,AU,scattered clouds,2021-06-06 15:46:38
132,Casa Nova,-9.4167,-41.1333,84.18,37,45,15.08,BR,scattered clouds,2021-06-06 15:46:39
133,Cleveland,41.4995,-81.6954,85.71,55,1,6.91,US,clear sky,2021-06-06 15:46:39
134,Kisangani,0.5167,25.2,73.76,88,75,2.3,CD,moderate rain,2021-06-06 15:46:39
135,Coihueco,-36.6167,-71.8333,45.34,93,90,1.81,CL,overcast clouds,2021-06-06 15:46:39
136,Bathsheba,13.2167,-59.5167,88.41,55,40,18.25,BB,scattered clouds,2021-06-06 15:46:40
137,Souillac,-20.5167,57.5167,74.35,88,40,9.8,MU,light rain,2021-06-06 15:46:40
138,Saskylakh,71.9167,114.0833,37.18,67,96,6.04,RU,overcast clouds,2021-06-06 15:43:50
139,Norrtalje,59.758,18.705,77.09,36,100,6.04,SE,overcast clouds,2021-06-06 15:46:40
140,Fortuna,40.5982,-124.1573,57.92,72,40,5.99,US,scattered clouds,2021-06-06 15:46:40
141,Areia Branca,-4.9561,-37.1369,91.6,57,51,13.22,BR,broken clouds,2021-06-06 15:46:41
142,Isangel,-19.55,169.2667,71.62,68,100,12.68,VU,overcast clouds,2021-06-06 15:46:41
143,Kapaa,22.0752,-159.319,75.52,84,90,1.99,US,light rain,2021-06-06 15:43:27
144,Chokurdakh,70.6333,147.9167,34.36,90,100,8.01,RU,light rain,2021-06-06 15:44:59
145,Saiha,22.4833,92.9667,70.81,99,99,1.45,IN,overcast clouds,2021-06-06 15:46:41
146,Tuktoyaktuk,69.4541,-133.0374,32.0,74,90,10.36,CA,overcast clouds,2021-06-06 15:46:41
147,Montepuez,-13.1256,38.9997,68.11,57,39,7.47,MZ,scattered clouds,2021-06-06 15:46:42
148,Nakhon Nayok,14.1667,101.1,87.78,76,100,0.45,TH,overcast clouds,2021-06-06 15:46:42
149,Atherton,53.5237,-2.4935,70.29,55,81,3.0,GB,broken clouds,2021-06-06 15:46:42
150,Paciran,-6.8767,112.3761,80.31,81,54,4.85,ID,broken clouds,2021-06-06 15:46:43
151,Auki,-8.7676,160.7034,77.05,86,3,3.4,SB,clear sky,2021-06-06 15:46:43
152,Aklavik,68.2191,-135.0107,33.8,80,40,6.91,CA,scattered clouds,2021-06-06 15:46:43
153,Kavaratti,10.5669,72.642,82.85,74,100,9.91,IN,overcast clouds,2021-06-06 15:46:43
154,Preobrazheniye,42.9019,133.9064,54.14,80,0,6.98,RU,clear sky,2021-06-06 15:46:44
155,Trairi,-3.2778,-39.2689,88.14,53,45,10.27,BR,scattered clouds,2021-06-06 15:45:27
156,Tautira,-17.7333,-149.15,75.22,75,7,13.33,PF,clear sky,2021-06-06 15:44:17
157,Lebu,-37.6167,-73.65,50.34,70,100,1.34,CL,overcast clouds,2021-06-06 15:46:44
158,Sunrise Manor,36.2111,-115.0731,95.23,15,1,10.36,US,clear sky,2021-06-06 15:46:44
159,Kaitangata,-46.2817,169.8464,44.2,85,73,2.04,NZ,broken clouds,2021-06-06 15:46:44
160,Flin Flon,54.7682,-101.865,62.44,77,40,6.62,CA,scattered clouds,2021-06-06 15:45:14
161,Mahebourg,-20.4081,57.7,74.25,88,40,6.91,MU,scattered clouds,2021-06-06 15:46:45
162,Doha,25.2867,51.5333,100.71,82,0,5.75,QA,haze,2021-06-06 15:46:45
163,Champerico,14.3,-91.9167,90.77,72,96,0.45,GT,overcast clouds,2021-06-06 15:46:45
164,Fairbanks,64.8378,-147.7164,55.92,68,20,3.44,US,few clouds,2021-06-06 15:46:45
165,Kang,-23.6752,22.7876,55.74,40,0,8.19,BW,clear sky,2021-06-06 15:46:46
166,Oistins,13.0667,-59.5333,87.89,55,40,20.71,BB,scattered clouds,2021-06-06 15:46:46
167,Cayenne,4.9333,-52.3333,86.04,80,75,3.0,GF,broken clouds,2021-06-06 15:43:31
168,Belmonte,-15.8631,-38.8828,82.4,65,36,8.72,BR,scattered clouds,2021-06-06 15:46:46
169,Barcelos,41.5388,-8.6151,85.28,49,60,9.71,PT,broken clouds,2021-06-06 15:46:46
170,Veraval,20.9,70.3667,85.41,71,6,13.09,IN,clear sky,2021-06-06 15:46:47
171,Geraldton,-28.7667,114.6,55.13,87,97,11.23,AU,overcast clouds,2021-06-06 15:45:57
172,Solnechnyy,50.7214,136.6319,47.34,99,68,3.65,RU,broken clouds,2021-06-06 15:46:47
173,Kayseri,38.737,35.4968,69.82,30,20,5.75,TR,few clouds,2021-06-06 15:46:47
174,Neepawa,50.2289,-99.4664,66.6,84,100,21.16,CA,overcast clouds,2021-06-06 15:46:47
175,Cascais,38.6979,-9.4215,76.62,54,20,8.01,PT,few clouds,2021-06-06 15:46:48
176,Lorengau,-2.0226,147.2712,79.41,85,98,12.44,PG,overcast clouds,2021-06-06 15:46:48
177,Manzhouli,49.6,117.4333,61.86,38,0,5.1,CN,clear sky,2021-06-06 15:46:48
178,Celestun,20.8667,-90.4,88.11,59,56,5.97,MX,broken clouds,2021-06-06 15:46:48
179,Dezful,32.3811,48.4058,104.23,6,0,16.06,IR,clear sky,2021-06-06 15:46:49
180,Villa De San Francisco,14.1667,-86.9667,78.28,41,98,4.43,HN,overcast clouds,2021-06-06 15:46:49
181,Wilson,36.1501,-86.2833,78.19,89,90,8.05,US,overcast clouds,2021-06-06 15:46:49
182,Varca,15.2167,73.9167,82.4,83,40,2.06,IN,scattered clouds,2021-06-06 15:46:49
183,Shanhetun,44.7,127.2,52.32,91,6,3.94,CN,clear sky,2021-06-06 15:46:50
184,Maniago,46.1706,12.7078,72.93,88,92,2.35,IT,overcast clouds,2021-06-06 15:46:50
185,Ponta Do Sol,32.6667,-17.1,74.71,67,0,2.57,PT,clear sky,2021-06-06 15:46:50
186,Luderitz,-26.6481,15.1594,66.74,42,0,2.04,NA,clear sky,2021-06-06 15:43:18
187,Alofi,-19.0595,-169.9187,62.49,100,90,1.14,NU,overcast clouds,2021-06-06 15:46:50
188,Brunswick,41.2381,-81.8418,83.97,56,1,3.0,US,clear sky,2021-06-06 15:44:40
189,Vientiane,17.9667,102.6,73.9,99,100,2.51,LA,light rain,2021-06-06 15:46:51
190,Talaya,61.3833,152.75,39.6,88,27,7.76,RU,scattered clouds,2021-06-06 15:46:51
191,Khandyga,62.6667,135.6,53.15,50,100,2.1,RU,overcast clouds,2021-06-06 15:46:51
192,Bambous Virieux,-20.3428,57.7575,74.21,88,40,9.86,MU,scattered clouds,2021-06-06 15:46:51
193,Lingao,19.9103,109.6859,81.45,75,34,3.22,CN,scattered clouds,2021-06-06 15:46:52
194,Vitim,59.4511,112.5578,47.79,90,100,9.91,RU,overcast clouds,2021-06-06 15:46:52
195,Cayeli,41.0923,40.7292,62.24,81,40,1.88,TR,scattered clouds,2021-06-06 15:46:52
196,Tigil,57.8,158.6667,42.46,86,84,6.24,RU,broken clouds,2021-06-06 15:46:52
197,Gurupi,-11.7292,-49.0686,90.57,31,100,10.42,BR,overcast clouds,2021-06-06 15:46:19
198,Dawlatabad,36.4141,64.9053,96.51,14,0,9.17,AF,clear sky,2021-06-06 15:46:53
199,Ilulissat,69.2167,-51.1,39.22,87,61,5.75,GL,broken clouds,2021-06-06 15:46:53
200,Honningsvag,70.9821,25.9704,40.53,71,6,3.6,NO,clear sky,2021-06-06 15:46:53
201,Portland,45.5234,-122.6762,53.2,82,90,1.01,US,overcast clouds,2021-06-06 15:43:09
202,Kodinsk,58.6881,99.1844,42.82,56,58,0.49,RU,broken clouds,2021-06-06 15:46:53
203,Maamba,-17.3667,27.15,60.3,51,54,3.56,ZM,broken clouds,2021-06-06 15:46:54
204,Terrace,54.5163,-128.6035,48.42,93,90,2.3,CA,light rain,2021-06-06 15:45:35
205,Ranong,9.9658,98.6348,80.19,87,100,9.22,TH,moderate rain,2021-06-06 15:46:54
206,Dalvik,65.9702,-18.5286,58.93,75,95,7.61,IS,overcast clouds,2021-06-06 15:46:54
207,Pevek,69.7008,170.3133,45.93,78,28,11.34,RU,scattered clouds,2021-06-06 15:46:54
208,Sao Joao Da Barra,-21.6403,-41.0511,84.29,72,5,12.97,BR,clear sky,2021-06-06 15:43:45
209,Hobyo,5.3505,48.5268,79.88,81,38,27.49,SO,scattered clouds,2021-06-06 15:46:55
210,Praia Da Vitoria,38.7333,-27.0667,73.65,60,40,2.68,PT,scattered clouds,2021-06-06 15:46:55
211,Mbanza-Ngungu,-5.25,14.8667,81.32,56,31,4.36,CD,scattered clouds,2021-06-06 15:46:55
212,Buala,-8.145,159.5921,80.02,82,5,7.05,SB,light rain,2021-06-06 15:46:55
213,Diego De Almagro,-26.3667,-70.05,70.61,30,19,6.71,CL,few clouds,2021-06-06 15:46:56
214,Kayerkan,69.3497,87.7602,29.98,96,100,4.23,RU,overcast clouds,2021-06-06 15:46:56
215,Severo-Kurilsk,50.6789,156.125,40.44,96,91,12.26,RU,overcast clouds,2021-06-06 15:46:56
216,Salalah,17.0151,54.0924,86.09,84,40,10.36,OM,scattered clouds,2021-06-06 15:46:57
217,Beipiao,41.7919,120.7792,66.31,50,49,3.24,CN,scattered clouds,2021-06-06 15:46:57
218,Coahuayana,18.7333,-103.6833,92.48,44,97,4.14,MX,overcast clouds,2021-06-06 15:46:57
219,Vardo,70.3705,31.1107,48.4,65,75,13.8,NO,broken clouds,2021-06-06 15:46:57
220,Dunedin,-45.8742,170.5036,44.8,86,0,1.99,NZ,clear sky,2021-06-06 15:46:58
221,Shache,38.4167,77.2406,85.53,16,54,7.67,CN,broken clouds,2021-06-06 15:46:58
222,Tukums,56.9669,23.1553,70.95,50,2,6.38,LV,clear sky,2021-06-06 15:46:58
223,Zyryanka,65.75,150.85,46.38,76,35,20.65,RU,scattered clouds,2021-06-06 15:46:58
224,Sorland,67.667,12.6934,68.07,81,42,9.6,NO,scattered clouds,2021-06-06 15:46:59
225,Porto Franco,-6.3383,-47.3992,92.62,34,36,6.91,BR,scattered clouds,2021-06-06 15:46:59
226,Sistranda,63.7256,8.834,57.16,88,100,4.41,NO,light rain,2021-06-06 15:46:59
227,Le Pradet,43.1066,6.0172,81.45,65,0,9.04,FR,clear sky,2021-06-06 15:46:59
228,Karasjok,69.4719,25.5112,51.91,34,5,8.57,NO,clear sky,2021-06-06 15:43:38
229,Olafsvik,64.8945,-23.7142,47.07,90,99,8.03,IS,overcast clouds,2021-06-06 15:44:13
230,Belaya Gora,68.5333,146.4167,36.75,96,100,8.25,RU,overcast clouds,2021-06-06 15:47:00
231,Borger,52.9233,6.7931,65.8,87,88,11.97,NL,overcast clouds,2021-06-06 15:47:00
232,Haifa,32.8156,34.9892,84.61,71,20,10.36,IL,few clouds,2021-06-06 15:47:00
233,Severo-Yeniseyskiy,60.3725,93.0408,41.04,54,89,4.25,RU,overcast clouds,2021-06-06 15:47:01
234,Omboue,-1.5746,9.2618,80.01,82,100,8.1,GA,overcast clouds,2021-06-06 15:47:01
235,Batemans Bay,-35.7167,150.1833,51.91,84,13,4.41,AU,few clouds,2021-06-06 15:47:01
236,Dingle,10.9995,122.6711,77.05,84,100,2.57,PH,light rain,2021-06-06 15:47:01
237,Shimoda,34.6667,138.95,68.16,92,100,9.17,JP,overcast clouds,2021-06-06 15:44:03
238,Bowen,-20.0167,148.2333,62.82,80,99,13.78,AU,overcast clouds,2021-06-06 15:47:02
239,Senador Pompeu,-5.5881,-39.3717,90.41,41,34,6.69,BR,scattered clouds,2021-06-06 15:47:02
240,Barra Patuca,15.8,-84.2833,84.29,72,50,12.21,HN,scattered clouds,2021-06-06 15:47:02
241,Ca Mau,9.1769,105.15,81.91,82,100,6.06,VN,overcast clouds,2021-06-06 15:47:02
242,Bethel,41.3712,-73.414,91.89,52,1,1.01,US,clear sky,2021-06-06 15:43:17
243,Hirado,33.3597,129.5531,68.36,82,100,5.35,JP,overcast clouds,2021-06-06 15:47:03
244,Snezhnogorsk,69.1933,33.2531,53.38,62,43,13.87,RU,scattered clouds,2021-06-06 15:47:03
245,Carlsbad,33.1581,-117.3506,64.71,80,90,1.99,US,overcast clouds,2021-06-06 15:47:03
246,Shellbrook,53.2168,-106.4011,54.63,66,67,11.77,CA,heavy intensity rain,2021-06-06 15:47:03
247,Coronado,32.6859,-117.1831,64.4,78,90,3.44,US,overcast clouds,2021-06-06 15:47:04
248,Necochea,-38.5473,-58.7368,53.76,53,40,4.38,AR,scattered clouds,2021-06-06 15:43:10
249,Garowe,8.4054,48.4845,89.02,35,0,13.78,SO,clear sky,2021-06-06 15:47:04
250,Amparafaravola,-17.5833,48.2167,62.71,84,68,8.55,MG,broken clouds,2021-06-06 15:47:04
251,Nouakchott,18.0858,-15.9785,107.53,47,8,19.17,MR,clear sky,2021-06-06 15:45:05
252,Plymouth,41.8334,-70.8328,93.78,48,1,1.01,US,clear sky,2021-06-06 15:47:05
253,Nioro,13.35,-15.75,103.17,24,0,13.42,GM,clear sky,2021-06-06 15:47:05
254,Grand Gaube,-20.0064,57.6608,74.37,82,52,1.99,MU,broken clouds,2021-06-06 15:47:05
255,Guisa,20.255,-76.5386,84.51,59,4,7.29,CU,clear sky,2021-06-06 15:47:05
256,Lavrentiya,65.5833,-171.0,32.27,85,95,8.75,RU,overcast clouds,2021-06-06 15:43:06
257,Qinzhou,21.95,108.6167,79.39,72,73,0.89,CN,broken clouds,2021-06-06 15:47:06
258,Rincon,32.296,-81.2354,86.45,77,75,4.9,US,broken clouds,2021-06-06 15:47:06
259,Del Rio,29.3627,-100.8968,80.71,77,90,13.8,US,overcast clouds,2021-06-06 15:44:53
260,Nome,64.5011,-165.4064,35.67,93,90,8.05,US,mist,2021-06-06 15:47:06
261,Ust-Kuyga,70.0167,135.6,40.23,71,5,3.47,RU,clear sky,2021-06-06 15:47:06
262,Mahdasht,35.7299,50.8111,97.02,10,0,4.61,IR,clear sky,2021-06-06 15:47:07
263,Agadez,19.75,10.25,102.49,9,100,11.32,NE,overcast clouds,2021-06-06 15:47:07
264,Skibbereen,51.55,-9.2667,62.4,69,63,7.36,IE,broken clouds,2021-06-06 15:47:07
265,Nichinan,31.6,131.3667,67.15,90,100,2.91,JP,overcast clouds,2021-06-06 15:47:07
266,Saint George,37.1041,-113.5841,93.67,15,1,1.99,US,clear sky,2021-06-06 15:47:07
267,Korop,51.5664,32.9586,62.96,86,100,7.31,UA,overcast clouds,2021-06-06 15:47:08
268,Bacalar,18.6667,-88.3833,87.01,57,86,8.48,MX,overcast clouds,2021-06-06 15:47:08
269,Kununurra,-15.7667,128.7333,58.98,82,7,0.0,AU,clear sky,2021-06-06 15:47:08
270,La Libertad,-2.2333,-80.9,73.06,83,90,9.57,EC,overcast clouds,2021-06-06 15:47:09
271,Pisco,-13.7,-76.2167,63.01,88,90,5.75,PE,overcast clouds,2021-06-06 15:47:09
272,Nyrob,60.733,56.7202,65.21,55,51,6.91,RU,broken clouds,2021-06-06 15:47:09
273,Bismarck,46.8083,-100.7837,75.04,41,1,5.99,US,clear sky,2021-06-06 15:42:51
274,Longyearbyen,78.2186,15.6401,40.84,70,0,10.36,SJ,clear sky,2021-06-06 15:44:04
275,Maiduguri,11.8464,13.1603,102.69,20,22,11.59,NG,few clouds,2021-06-06 15:42:29
276,Cururupu,-1.8283,-44.8683,89.01,53,23,4.56,BR,few clouds,2021-06-06 15:47:09
277,Sao Jose Da Coroa Grande,-8.8978,-35.1478,81.1,71,21,9.42,BR,few clouds,2021-06-06 15:44:39
278,Kavieng,-2.5744,150.7967,81.99,73,91,1.23,PG,overcast clouds,2021-06-06 15:43:21
279,Quelimane,-17.8786,36.8883,69.75,88,75,7.0,MZ,broken clouds,2021-06-06 15:47:10
280,Kungurtug,50.5994,97.5228,38.88,90,82,4.12,RU,broken clouds,2021-06-06 15:47:10
281,Palmer,42.1584,-72.3287,91.31,46,20,1.01,US,few clouds,2021-06-06 15:47:10
282,Son La,21.3167,103.9,70.63,97,88,2.44,VN,overcast clouds,2021-06-06 15:47:11
283,Pacific Grove,36.6177,-121.9166,58.8,84,90,3.0,US,overcast clouds,2021-06-06 15:47:11
284,Muros,42.7762,-9.0603,80.69,54,78,14.25,ES,broken clouds,2021-06-06 15:47:11
285,Ouallam,14.3188,2.0866,107.35,14,98,5.7,NE,overcast clouds,2021-06-06 15:45:10
286,Talnakh,69.4865,88.3972,31.41,98,100,4.45,RU,light snow,2021-06-06 15:47:11
287,Okakarara,-20.5833,17.4333,62.24,29,0,7.61,NA,clear sky,2021-06-06 15:47:12
288,Shyroke,47.6917,33.2571,67.24,69,76,5.66,UA,broken clouds,2021-06-06 15:47:12
289,Hami,42.8,93.45,71.76,12,28,16.35,CN,scattered clouds,2021-06-06 15:47:12
290,Norman Wells,65.282,-126.8329,42.84,93,90,13.8,CA,light rain,2021-06-06 15:47:12
291,Koumac,-20.5667,164.2833,69.37,63,100,11.45,NC,overcast clouds,2021-06-06 15:47:13
292,Noumea,-22.2763,166.4572,71.01,99,99,9.06,NC,overcast clouds,2021-06-06 15:47:13
293,Fjerritslev,57.0813,9.2664,69.89,86,99,11.12,DK,light rain,2021-06-06 15:47:13
294,Port Hardy,50.6996,-127.4199,50.18,87,90,12.66,CA,light rain,2021-06-06 15:45:14
295,Vanimo,-2.6741,141.3028,77.79,88,100,1.86,PG,overcast clouds,2021-06-06 15:47:13
296,Telimele,10.9167,-13.3333,95.16,38,94,0.56,GN,light rain,2021-06-06 15:47:14
297,Lardos,36.0942,28.0157,76.82,50,0,14.05,GR,clear sky,2021-06-06 15:47:14
298,Roma,43.2128,-75.4557,86.38,47,61,9.73,US,broken clouds,2021-06-06 15:47:14
299,Usvyaty,55.7456,30.7533,62.1,85,77,5.32,RU,broken clouds,2021-06-06 15:47:14
300,Springdale,36.1867,-94.1288,73.47,90,75,5.99,US,broken clouds,2021-06-06 15:45:49
301,Lasem,-6.6922,111.4527,80.1,78,52,4.43,ID,light rain,2021-06-06 15:47:15
302,Bay Roberts,47.5999,-53.2648,58.14,92,100,3.0,CA,moderate rain,2021-06-06 15:47:15
303,Shihezi,44.3,86.0333,67.17,35,0,6.73,CN,clear sky,2021-06-06 15:47:15
304,Waukesha,43.0333,-88.3001,84.22,50,1,5.01,US,clear sky,2021-06-06 15:43:31
305,Araceli,10.5529,119.9913,82.92,75,100,4.68,PH,overcast clouds,2021-06-06 15:47:15
306,Puteyets,65.1716,57.091,53.08,32,73,10.07,RU,broken clouds,2021-06-06 15:47:16
307,Sakakah,29.9697,40.2064,99.97,10,2,10.29,SA,clear sky,2021-06-06 15:47:16
308,Akhmim,26.5622,31.745,89.8,11,61,17.94,EG,broken clouds,2021-06-06 15:47:16
309,Fort Madison,40.6298,-91.3151,81.01,69,96,9.22,US,overcast clouds,2021-06-06 15:42:52
310,Chino Hills,33.9938,-117.7589,75.02,70,90,1.99,US,haze,2021-06-06 15:47:16
311,Van Wert,40.8695,-84.5841,85.98,42,1,4.0,US,clear sky,2021-06-06 15:47:17
312,Fare,-16.7,-151.0167,80.46,73,4,11.59,PF,clear sky,2021-06-06 15:47:17
313,Thunder Bay,48.4001,-89.3168,79.99,85,75,4.61,CA,broken clouds,2021-06-06 15:45:14
314,Moyale,3.5167,39.0584,75.04,48,71,8.39,KE,broken clouds,2021-06-06 15:47:17
315,Hearst,49.6835,-83.6665,75.45,58,74,10.83,CA,broken clouds,2021-06-06 15:47:18
316,Jamui,24.9167,86.2167,96.03,35,35,7.45,IN,scattered clouds,2021-06-06 15:47:18
317,Bloomfield,40.8068,-74.1854,95.16,45,1,1.01,US,clear sky,2021-06-06 15:42:51
318,Sisimiut,66.9395,-53.6735,40.17,95,100,4.94,GL,light rain,2021-06-06 15:47:18
319,Torbay,47.6666,-52.7314,57.38,94,75,19.57,CA,light rain,2021-06-06 15:47:18
320,Leshukonskoye,64.8989,45.7622,54.77,33,18,12.03,RU,few clouds,2021-06-06 15:44:46
321,Bengkulu,-3.8004,102.2655,74.89,90,13,4.43,ID,few clouds,2021-06-06 15:47:19
322,Sitka,57.0531,-135.33,48.09,87,75,0.0,US,broken clouds,2021-06-06 15:47:02
323,Svetlogorsk,52.6333,29.7333,65.62,79,74,7.61,BY,broken clouds,2021-06-06 15:47:19
324,San Vicente,-26.6167,-54.1333,60.62,99,100,3.58,AR,light rain,2021-06-06 15:47:19
325,Tahta,26.7693,31.5021,89.92,11,3,17.87,EG,clear sky,2021-06-06 15:47:19
326,Mogadishu,2.0371,45.3438,79.5,83,97,21.34,SO,overcast clouds,2021-06-06 15:47:20
327,Berlevag,70.8578,29.0864,42.6,71,7,8.43,NO,clear sky,2021-06-06 15:47:20
328,Pangnirtung,66.1451,-65.7125,35.4,87,16,0.54,CA,few clouds,2021-06-06 15:47:20
329,Tabou,4.423,-7.3528,82.29,75,85,9.84,CI,light rain,2021-06-06 15:47:20
330,Tyrma,50.0833,132.1667,49.24,90,5,2.46,RU,clear sky,2021-06-06 15:47:21
331,Beloha,-25.1667,45.05,63.86,67,81,15.46,MG,broken clouds,2021-06-06 15:47:21
332,Troitsko-Pechorsk,62.7084,56.1964,61.09,34,70,5.68,RU,broken clouds,2021-06-06 15:47:21
333,Tuy Hoa,13.0833,109.3,80.02,83,98,5.7,VN,overcast clouds,2021-06-06 15:47:21
334,Rawson,-43.3002,-65.1023,51.57,44,82,20.8,AR,broken clouds,2021-06-06 15:47:22
335,Key West,24.5557,-81.7826,87.01,74,20,13.8,US,few clouds,2021-06-06 15:45:13
336,Buraydah,26.326,43.975,109.85,7,2,10.49,SA,clear sky,2021-06-06 15:47:22
337,Bangassou,4.7413,22.8184,77.31,73,78,6.11,CF,broken clouds,2021-06-06 15:47:22
338,Novomykolayivka,47.9781,35.9102,70.05,74,34,7.63,UA,scattered clouds,2021-06-06 15:47:22
339,Victoria,22.2855,114.1577,84.16,87,15,1.01,HK,few clouds,2021-06-06 15:47:23
340,Udachnyy,66.4167,112.4,47.46,55,93,16.28,RU,overcast clouds,2021-06-06 15:47:23
341,Orlik,52.5178,99.825,38.43,77,61,4.92,RU,broken clouds,2021-06-06 15:47:23
342,Tunceli,39.1083,39.5471,76.06,41,13,6.13,TR,few clouds,2021-06-06 15:47:23
343,Beringovskiy,63.05,179.3167,35.91,97,100,3.36,RU,light rain,2021-06-06 15:47:24
344,Ballina,-28.8667,153.5667,50.95,97,10,0.0,AU,clear sky,2021-06-06 15:47:24
345,Straseni,47.1414,28.6103,66.13,71,70,7.18,MD,broken clouds,2021-06-06 15:47:24
346,Vyartsilya,62.1764,30.693,73.85,45,100,4.65,RU,moderate rain,2021-06-06 15:47:24
347,Vahan,40.5755,45.3977,50.38,92,82,8.84,AM,broken clouds,2021-06-06 15:47:25
348,Bardiyah,31.7561,25.0865,73.94,59,0,15.39,LY,clear sky,2021-06-06 15:47:25
349,Lagoa,39.05,-27.9833,64.44,88,99,14.61,PT,overcast clouds,2021-06-06 15:43:50
350,Narsaq,60.9167,-46.05,57.42,67,100,4.72,GL,overcast clouds,2021-06-06 15:47:25
351,Sabha,27.0377,14.4283,97.45,10,65,13.69,LY,broken clouds,2021-06-06 15:47:25
352,Jinji,23.2281,110.8261,74.44,66,0,1.52,CN,clear sky,2021-06-06 15:47:26
353,Srivardhan,18.0333,73.0167,84.29,73,89,3.96,IN,overcast clouds,2021-06-06 15:47:26
354,Uglovka,58.2392,33.5108,66.07,70,99,3.4,RU,overcast clouds,2021-06-06 15:47:26
355,Kahului,20.8947,-156.47,75.85,78,90,11.5,US,overcast clouds,2021-06-06 15:43:54
356,Kanniyakumari,8.0833,77.5667,81.72,82,97,16.71,IN,overcast clouds,2021-06-06 15:47:26
357,Hovd,48.0056,91.6419,50.05,35,12,7.16,MN,few clouds,2021-06-06 15:47:27
358,Anadyr,64.75,177.4833,43.3,65,20,4.0,RU,few clouds,2021-06-06 15:45:04
359,Mitu,1.1983,-70.1733,82.27,79,88,0.81,CO,overcast clouds,2021-06-06 15:47:27
360,San Juan,-31.5375,-68.5364,69.73,43,3,7.61,AR,clear sky,2021-06-06 15:42:56
361,Egvekinot,66.3167,-179.1667,31.68,83,25,2.93,RU,scattered clouds,2021-06-06 15:47:27
362,Zlobin,45.2924,14.6541,66.38,68,20,0.31,HR,few clouds,2021-06-06 15:47:27
363,Aksay,47.26,39.87,64.62,71,95,8.68,RU,overcast clouds,2021-06-06 15:47:28
364,Nanortalik,60.1432,-45.2371,45.37,67,100,13.22,GL,overcast clouds,2021-06-06 15:47:28
365,Uribia,11.7139,-72.266,87.21,56,100,18.45,CO,overcast clouds,2021-06-06 15:47:28
366,Kiunga,-6.1219,141.2906,73.04,99,97,1.14,PG,overcast clouds,2021-06-06 15:47:29
367,Nouadhibou,20.931,-17.0347,69.53,71,42,23.69,MR,scattered clouds,2021-06-06 15:47:29
368,Liwale,-9.7667,37.9333,67.06,66,2,4.56,TZ,clear sky,2021-06-06 15:47:29
369,Malanje,-9.5402,16.341,73.38,38,100,4.65,AO,overcast clouds,2021-06-06 15:47:29
370,Hualmay,-11.0964,-77.6139,67.06,73,77,10.29,PE,broken clouds,2021-06-06 15:47:30
371,Teguise,29.0605,-13.564,71.82,57,20,20.04,ES,few clouds,2021-06-06 15:47:30
372,Coldingham,55.8868,-2.157,66.18,80,58,8.16,GB,broken clouds,2021-06-06 15:47:30
373,Warka,51.7843,21.1909,76.08,60,22,8.01,PL,few clouds,2021-06-06 15:47:30
374,Te Anau,-45.4167,167.7167,36.48,93,22,1.28,NZ,few clouds,2021-06-06 15:47:31
375,Abha,18.2164,42.5053,80.42,47,20,7.29,SA,few clouds,2021-06-06 15:42:42
376,Atar,20.5169,-13.0499,108.05,11,4,19.3,MR,clear sky,2021-06-06 15:46:57
377,Lannion,48.75,-3.4167,66.42,82,75,5.75,FR,light rain,2021-06-06 15:47:31
378,Meulaboh,4.1363,96.1285,77.31,84,100,3.44,ID,overcast clouds,2021-06-06 15:45:27
379,Bagdarin,54.4333,113.6,58.84,80,100,3.91,RU,overcast clouds,2021-06-06 15:47:31
380,San Andres,12.5847,-81.7006,86.02,74,20,18.41,CO,few clouds,2021-06-06 15:47:31
381,Ketchikan,55.3422,-131.6461,48.67,93,90,0.0,US,light rain,2021-06-06 15:47:32
382,Veseloyarsk,51.2836,81.1056,57.29,69,0,8.75,RU,clear sky,2021-06-06 15:47:32
383,Vila Velha,-20.3297,-40.2925,81.97,67,40,5.99,BR,scattered clouds,2021-06-06 15:47:18
384,Zarubino,42.63,131.0922,56.39,78,77,1.43,RU,broken clouds,2021-06-06 15:47:32
385,Ribeira Grande,38.5167,-28.7,68.4,83,40,13.8,PT,scattered clouds,2021-06-06 15:47:32
386,Wanning,18.8003,110.3967,79.25,91,99,3.74,CN,overcast clouds,2021-06-06 15:47:33
387,Saint Anthony,45.0205,-93.218,84.92,50,1,5.01,US,clear sky,2021-06-06 15:44:33
388,Ukiah,39.1502,-123.2078,70.38,51,1,0.0,US,clear sky,2021-06-06 15:47:33
389,Berdigestyakh,62.0989,126.6992,52.93,49,100,6.62,RU,overcast clouds,2021-06-06 15:47:33
390,Ewo,-0.8725,14.8206,79.92,76,90,5.39,CG,light rain,2021-06-06 15:47:34
391,Clyde River,70.4692,-68.5914,34.03,100,90,12.66,CA,light rain,2021-06-06 15:47:34
392,Oranjemund,-28.55,16.4333,70.03,34,0,6.22,NA,clear sky,2021-06-06 15:47:34
393,Bilibino,68.0546,166.4372,55.0,62,3,3.22,RU,clear sky,2021-06-06 15:47:34
394,Hopewell,37.3043,-77.2872,92.77,60,3,6.31,US,clear sky,2021-06-06 15:47:35
395,Mnogovershinnyy,53.9353,139.9242,35.44,97,97,5.5,RU,overcast clouds,2021-06-06 15:47:35
396,Ciudad Guayana,8.3533,-62.6528,87.53,72,91,6.4,VE,overcast clouds,2021-06-06 15:47:35
397,Marawi,7.9986,124.2928,64.65,94,100,2.86,PH,overcast clouds,2021-06-06 15:47:35
398,Sibolga,1.7427,98.7792,76.46,80,5,3.65,ID,clear sky,2021-06-06 15:47:35
399,Adre,13.4667,22.2,97.11,16,35,3.78,TD,scattered clouds,2021-06-06 15:47:36
400,Mananjary,-21.2167,48.3333,68.56,69,65,9.62,MG,broken clouds,2021-06-06 15:47:36
401,Waipawa,-41.4122,175.5153,52.43,88,100,1.01,NZ,moderate rain,2021-06-06 15:47:36
402,Tecoanapa,16.5167,-98.75,85.57,67,100,3.56,MX,overcast clouds,2021-06-06 15:47:36
403,Sukhodol,53.9006,51.2117,64.35,75,41,6.91,RU,scattered clouds,2021-06-06 15:47:37
404,Angoche,-16.2325,39.9086,70.77,84,21,11.39,MZ,light rain,2021-06-06 15:47:37
405,Aykhal,66.0,111.5,39.56,87,100,17.9,RU,light rain,2021-06-06 15:47:37
406,Honiara,-9.4333,159.95,77.14,89,12,4.68,SB,few clouds,2021-06-06 15:47:38
407,Kruisfontein,-34.0033,24.7314,67.89,20,0,6.8,ZA,clear sky,2021-06-06 15:47:38
408,Waterbury,41.5582,-73.0515,93.24,44,1,1.99,US,clear sky,2021-06-06 15:47:38
409,San Cristobal,7.7669,-72.225,69.98,95,100,3.6,VE,overcast clouds,2021-06-06 15:47:38
410,Makat,47.6469,53.3463,79.54,26,100,10.71,KZ,overcast clouds,2021-06-06 15:47:38
411,Tura,25.5198,90.2201,74.73,96,39,9.01,IN,scattered clouds,2021-06-06 15:47:39
412,Voh,-20.9667,164.7,65.26,70,94,4.83,NC,overcast clouds,2021-06-06 15:45:05
413,Podosinovets,60.2776,47.0659,65.71,66,67,6.89,RU,broken clouds,2021-06-06 15:47:39
414,Richards Bay,-28.783,32.0377,62.11,72,0,8.43,ZA,clear sky,2021-06-06 15:43:40
415,Carndonagh,55.25,-7.2667,60.42,71,87,4.88,IE,overcast clouds,2021-06-06 15:47:39
416,Maryborough,-25.5333,152.7,56.1,92,0,4.43,AU,clear sky,2021-06-06 15:47:40
417,Presidencia Roque Saenz Pena,-26.7852,-60.4388,60.98,93,100,7.54,AR,overcast clouds,2021-06-06 15:45:01
418,Poroshkovo,48.6683,22.7533,74.44,59,64,7.67,UA,light rain,2021-06-06 15:47:40
419,Macaubas,-13.0194,-42.6986,84.15,37,99,3.91,BR,overcast clouds,2021-06-06 15:47:40
420,Goderich,43.7501,-81.7165,84.04,53,82,11.5,CA,broken clouds,2021-06-06 15:45:14
421,Porto Velho,-8.7619,-63.9039,84.25,65,75,8.05,BR,broken clouds,2021-06-06 15:43:38
422,Nemuro,43.3236,145.575,51.57,90,93,8.79,JP,overcast clouds,2021-06-06 15:44:45
423,Nadvoitsy,63.8667,34.3167,58.42,49,22,11.45,RU,few clouds,2021-06-06 15:47:40
424,Teeli,51.0333,90.2333,48.72,62,60,0.87,RU,broken clouds,2021-06-06 15:47:41
425,Bafoulabe,13.8065,-10.8321,108.9,16,0,6.02,ML,clear sky,2021-06-06 15:47:41
426,Pitimbu,-7.4706,-34.8086,77.59,75,42,13.8,BR,scattered clouds,2021-06-06 15:47:41
427,San Nicola,40.6116,8.991,70.88,71,68,7.18,IT,broken clouds,2021-06-06 15:47:41
428,Tuatapere,-46.1333,167.6833,42.46,86,57,3.42,NZ,broken clouds,2021-06-06 15:47:42
429,Rocha,-34.4833,-54.3333,57.38,63,3,8.66,UY,clear sky,2021-06-06 15:47:42
430,Porangatu,-13.4408,-49.1486,89.55,29,100,6.78,BR,overcast clouds,2021-06-06 15:47:42
431,Calabar,4.9517,8.322,76.77,92,99,6.08,NG,light rain,2021-06-06 15:47:42
432,Voykove,45.3826,36.4372,65.98,67,90,9.69,UA,overcast clouds,2021-06-06 15:47:43
433,Kwinana,-32.25,115.7667,54.0,82,29,8.79,AU,scattered clouds,2021-06-06 15:47:43
434,Derzhavinsk,51.1,66.3167,65.8,34,82,9.55,KZ,broken clouds,2021-06-06 15:47:43
435,Bad Bramstedt,53.9167,9.8833,69.39,78,99,1.63,DE,overcast clouds,2021-06-06 15:47:43
436,Robertson,36.5167,-86.8667,80.46,90,90,6.91,US,overcast clouds,2021-06-06 15:47:44
437,Rosita,13.9268,-84.4032,82.27,78,92,4.14,NI,overcast clouds,2021-06-06 15:47:44
438,Talcahuano,-36.7167,-73.1167,47.88,81,0,4.61,CL,clear sky,2021-06-06 15:47:44
439,Alacranes,22.7675,-81.5675,84.69,48,94,8.81,CU,overcast clouds,2021-06-06 15:47:44
440,Mwinilunga,-11.7358,24.4293,65.88,49,49,5.37,ZM,scattered clouds,2021-06-06 15:47:45
441,Guerrero Negro,27.9769,-114.0611,66.78,67,81,4.9,MX,broken clouds,2021-06-06 15:47:45
442,Dickson,36.077,-87.3878,76.6,98,75,9.22,US,mist,2021-06-06 15:47:45
443,Nucsoara,45.3333,24.7833,65.57,69,30,2.33,RO,scattered clouds,2021-06-06 15:47:45
444,Talara,-4.5772,-81.2719,74.16,68,20,13.8,PE,few clouds,2021-06-06 15:47:46
445,Sorong,-0.8833,131.25,79.09,85,100,7.83,ID,overcast clouds,2021-06-06 15:47:46
446,Katherine,-14.4667,132.2667,61.12,63,93,6.08,AU,overcast clouds,2021-06-06 15:47:46
447,Dundee,56.5,-2.9667,66.76,50,20,9.22,GB,few clouds,2021-06-06 15:47:46
448,Emba,48.8264,58.1442,69.04,34,99,7.11,KZ,overcast clouds,2021-06-06 15:47:47
449,Rio Gallegos,-51.6226,-69.2181,41.05,65,75,11.5,AR,broken clouds,2021-06-06 15:47:47
450,Jalingo,8.8833,11.3667,91.09,49,75,3.65,NG,broken clouds,2021-06-06 15:47:47
451,Atlantic City,39.3643,-74.4229,91.26,59,1,11.12,US,clear sky,2021-06-06 15:47:47
452,Sungaipenuh,-2.0833,101.3833,63.46,98,62,1.23,ID,broken clouds,2021-06-06 15:47:48
453,Baghdad,33.3406,44.4009,98.47,11,0,17.02,IQ,clear sky,2021-06-06 15:47:48
454,Lakatoro,-16.0999,167.4164,75.7,82,63,7.65,VU,broken clouds,2021-06-06 15:47:48
455,Saint-Georges,12.0564,-61.7485,83.88,74,100,23.02,GD,overcast clouds,2021-06-06 15:44:39
456,Bulancak,40.9372,38.2291,67.82,60,0,2.59,TR,clear sky,2021-06-06 15:47:48
457,Tiarei,-17.5333,-149.3333,75.22,77,6,12.62,PF,clear sky,2021-06-06 15:47:49
458,Changji,44.0167,87.3167,68.79,37,0,1.86,CN,clear sky,2021-06-06 15:47:49
459,Coquimbo,-29.9533,-71.3436,56.93,82,90,4.03,CL,overcast clouds,2021-06-06 15:47:49
460,Kavali,14.9167,79.9833,86.81,67,32,11.01,IN,scattered clouds,2021-06-06 15:47:49
461,Yulara,-25.2406,130.9889,48.04,57,0,4.61,AU,clear sky,2021-06-06 15:43:02
462,Olga,43.7444,135.2892,52.39,93,0,6.2,RU,clear sky,2021-06-06 15:47:50
463,Lufilufi,-13.8745,-171.5986,76.78,77,18,6.35,WS,light rain,2021-06-06 15:47:50
464,Komsomolets,53.7453,62.0708,64.72,40,57,4.52,KZ,broken clouds,2021-06-06 15:47:50
465,Bongor,10.2806,15.3722,98.44,27,100,3.56,TD,overcast clouds,2021-06-06 15:47:50
466,Santa Cruz,-17.8,-63.1667,73.45,83,75,0.0,BO,broken clouds,2021-06-06 15:45:06
467,Chaihe,44.7667,129.7,50.99,92,9,2.24,CN,clear sky,2021-06-06 15:47:51
468,Najran,17.4924,44.1277,99.25,9,2,9.82,SA,clear sky,2021-06-06 15:47:51
469,Tuensang,26.2833,94.8333,69.06,98,73,1.68,IN,broken clouds,2021-06-06 15:47:51
470,Cairns,-16.9167,145.7667,69.75,83,40,11.5,AU,scattered clouds,2021-06-06 15:47:52
471,Comodoro Rivadavia,-45.8667,-67.5,51.66,40,0,13.8,AR,clear sky,2021-06-06 15:45:01
472,Charters Towers,-20.1,146.2667,59.22,80,93,8.05,AU,overcast clouds,2021-06-06 15:47:52
473,Sanlucar La Mayor,37.3871,-6.2011,93.47,24,0,3.0,ES,clear sky,2021-06-06 15:47:52
474,Mattru,7.6244,-11.8332,81.59,86,89,5.41,SL,moderate rain,2021-06-06 15:47:52
475,San Quintin,30.4833,-115.95,74.44,71,100,1.97,MX,overcast clouds,2021-06-06 15:47:53
476,Lincoln,40.8,-96.667,81.66,71,1,5.01,US,clear sky,2021-06-06 15:46:00
477,Sarangani,5.4033,125.4636,83.39,73,99,11.5,PH,overcast clouds,2021-06-06 15:47:53
478,Almaznyy,48.0448,40.045,62.74,77,99,11.16,RU,overcast clouds,2021-06-06 15:47:53
479,Saint-Pierre,-21.3393,55.4781,73.08,84,75,5.75,RE,light rain,2021-06-06 15:47:53
480,Caninde,-4.3589,-39.3117,90.95,40,60,8.99,BR,broken clouds,2021-06-06 15:47:54
481,Qinhuangdao,39.9317,119.5883,68.43,52,100,4.85,CN,overcast clouds,2021-06-06 15:43:07
482,Tarragona,41.129,1.249,82.94,58,20,11.5,ES,few clouds,2021-06-06 15:47:54
483,Armizonskoye,55.9461,67.6736,61.14,57,0,8.81,RU,clear sky,2021-06-06 15:47:54
484,Mocuba,-16.8392,36.9856,62.44,97,72,4.61,MZ,broken clouds,2021-06-06 15:47:54
485,Avera,33.194,-82.5271,85.95,47,86,4.41,US,overcast clouds,2021-06-06 15:47:55
486,Banda Aceh,5.5577,95.3222,80.42,77,98,14.52,ID,overcast clouds,2021-06-06 15:47:55
487,Poum,-20.2333,164.0167,72.54,60,93,18.72,NC,overcast clouds,2021-06-06 15:44:01
488,San Jose,37.3394,-121.895,67.71,70,20,12.66,US,few clouds,2021-06-06 15:47:09
489,Umm Lajj,25.0213,37.2685,84.67,58,0,13.65,SA,clear sky,2021-06-06 15:47:55
490,Qui Nhon,13.7667,109.2333,82.72,80,100,3.22,VN,overcast clouds,2021-06-06 15:47:55
491,San Patricio,28.017,-97.5169,86.09,67,1,12.01,US,clear sky,2021-06-06 15:44:01
492,Daru,-9.0763,143.2092,77.04,88,99,17.92,PG,overcast clouds,2021-06-06 15:45:42
493,Brae,60.3964,-1.353,55.31,74,35,8.59,GB,scattered clouds,2021-06-06 15:47:56
494,Ossora,59.2353,163.0719,39.06,95,100,5.39,RU,overcast clouds,2021-06-06 15:47:56
495,Luanda,-8.8368,13.2343,84.2,61,40,9.22,AO,scattered clouds,2021-06-06 15:44:03
496,Bonthe,7.5264,-12.505,83.1,77,91,10.54,SL,moderate rain,2021-06-06 15:47:56
497,Raga,8.4596,25.678,83.91,54,73,4.59,SS,broken clouds,2021-06-06 15:47:57
498,Manokwari,-0.8667,134.0833,78.87,80,97,3.38,ID,overcast clouds,2021-06-06 15:47:57
499,Cabras,39.93,8.5314,71.4,68,12,10.2,IT,few clouds,2021-06-06 15:47:57
500,Raudeberg,61.9875,5.1352,57.87,85,46,5.19,NO,scattered clouds,2021-06-06 15:47:57
501,Asmara,15.3333,38.9333,70.65,47,17,7.85,ER,few clouds,2021-06-06 15:47:58
502,Mehamn,71.0357,27.8492,40.95,70,75,6.91,NO,broken clouds,2021-06-06 15:47:58
503,Filingue,14.3521,3.3168,106.5,16,96,7.94,NE,overcast clouds,2021-06-06 15:47:58
504,Mount Gambier,-37.8333,140.7667,55.31,76,75,13.8,AU,broken clouds,2021-06-06 15:47:58
505,Kathu,7.9178,98.3332,85.69,75,80,15.03,TH,broken clouds,2021-06-06 15:47:59
506,Bad Frankenhausen,51.35,11.1,69.69,81,100,5.61,DE,overcast clouds,2021-06-06 15:47:59
507,Lac Du Bonnet,50.2536,-96.0612,74.59,74,98,9.04,CA,overcast clouds,2021-06-06 15:47:59
508,Coos Bay,43.3665,-124.2179,52.86,90,90,4.61,US,overcast clouds,2021-06-06 15:47:59
509,Kenai,60.5544,-151.2583,55.02,76,1,5.75,US,clear sky,2021-06-06 15:48:00
510,Belyy Yar,53.6039,91.3903,49.89,81,0,11.14,RU,clear sky,2021-06-06 15:48:00
511,Teguldet,57.3064,88.1667,57.29,92,98,10.85,RU,moderate rain,2021-06-06 15:48:00
512,Shingu,33.7333,135.9833,68.58,84,100,3.11,JP,overcast clouds,2021-06-06 15:48:00
513,Tomatlan,19.9333,-105.25,90.61,46,86,3.56,MX,overcast clouds,2021-06-06 15:48:01
514,Porto Empedocle,37.2934,13.5264,85.71,48,51,4.97,IT,broken clouds,2021-06-06 15:48:01
515,Kragero,58.8693,9.4149,72.59,80,100,11.9,NO,overcast clouds,2021-06-06 15:48:01
516,Cockburn Town,21.4612,-71.1419,80.11,80,0,21.21,TC,clear sky,2021-06-06 15:45:00
517,Labytnangi,66.6572,66.4183,42.64,47,71,11.32,RU,broken clouds,2021-06-06 15:48:01
518,Douglas,41.3,-96.167,81.39,64,40,8.99,US,scattered clouds,2021-06-06 15:45:47
519,Ixtapa,20.7,-105.2,83.23,76,100,1.99,MX,overcast clouds,2021-06-06 15:48:02
520,Ozernovskiy,51.5,156.5167,44.04,91,100,7.36,RU,overcast clouds,2021-06-06 15:48:02
521,Lompoc,34.6391,-120.4579,60.1,83,90,1.01,US,mist,2021-06-06 15:48:02
522,Kirakira,-10.4544,161.9205,79.36,85,42,8.34,SB,scattered clouds,2021-06-06 15:48:03
523,Palmas,-10.2128,-48.3603,87.67,48,0,12.66,BR,clear sky,2021-06-06 15:48:03
524,Iwanai,42.9744,140.5089,53.67,88,64,3.74,JP,broken clouds,2021-06-06 15:48:03
525,Haimen,23.1935,116.6142,76.89,81,91,16.51,CN,overcast clouds,2021-06-06 15:48:03
526,Aquiraz,-3.9014,-38.3911,89.69,56,31,8.1,BR,scattered clouds,2021-06-06 15:46:18
527,La Ronge,55.1001,-105.2842,55.65,82,90,1.14,CA,overcast clouds,2021-06-06 15:48:04
528,Benito Juarez,19.385,-99.165,64.74,77,90,3.04,MX,overcast clouds,2021-06-06 15:45:39
529,Paraiso,9.8383,-83.8656,76.96,56,47,4.03,CR,scattered clouds,2021-06-06 15:48:04
530,Boca Raton,26.3587,-80.0831,88.05,73,40,10.36,US,scattered clouds,2021-06-06 15:43:40
531,Nishihara,26.1842,127.7558,78.85,89,90,5.08,JP,moderate rain,2021-06-06 15:48:04
532,Jiazi,22.8779,116.067,77.31,88,72,15.95,CN,broken clouds,2021-06-06 15:48:05
533,French Harbor,16.35,-86.4333,87.01,76,20,7.0,HN,few clouds,2021-06-06 15:48:05
534,Poronaysk,49.2167,143.1167,46.62,85,64,7.63,RU,broken clouds,2021-06-06 15:48:05
535,Garissa,-0.4536,39.6401,85.68,43,50,22.15,KE,scattered clouds,2021-06-06 15:48:05
536,Mendi,-6.1761,143.6513,54.79,98,98,2.01,PG,overcast clouds,2021-06-06 15:48:06
537,Lithakia,37.7167,20.8333,79.88,47,0,6.91,GR,clear sky,2021-06-06 15:48:06
538,Montes Altos,-5.8333,-47.0667,88.29,38,14,7.29,BR,few clouds,2021-06-06 15:48:06
539,San Juan Del Sur,11.2529,-85.8705,88.02,66,20,17.83,NI,few clouds,2021-06-06 15:48:06
540,Olutanga,7.3106,122.8464,81.72,71,99,4.23,PH,overcast clouds,2021-06-06 15:48:07
541,Rorvik,64.8621,11.2373,59.11,82,75,11.5,NO,light rain,2021-06-06 15:48:07
542,Cornelio Procopio,-23.1811,-50.6467,77.63,39,85,4.45,BR,overcast clouds,2021-06-06 15:48:07
543,Karanja,20.4833,77.4833,89.02,47,82,8.46,IN,broken clouds,2021-06-06 15:48:07
544,Emporia,38.4039,-96.1817,74.23,88,90,6.91,US,overcast clouds,2021-06-06 15:48:08
545,Airai,-8.9266,125.4092,56.39,88,98,2.89,TL,overcast clouds,2021-06-06 15:48:08
546,Leningradskiy,69.3833,178.4167,33.28,91,92,11.21,RU,overcast clouds,2021-06-06 15:44:03
547,Altay,47.8667,88.1167,54.0,39,2,4.43,CN,clear sky,2021-06-06 15:48:08
548,Ponta Delgada,37.7333,-25.6667,68.72,77,40,16.11,PT,scattered clouds,2021-06-06 15:47:55
549,Matagami,49.7502,-77.6328,66.31,63,1,6.78,CA,clear sky,2021-06-06 15:47:29
550,Mataram,-8.5833,116.1167,76.01,85,77,6.71,ID,broken clouds,2021-06-06 15:48:09
551,Mayo,38.8876,-76.5119,93.38,58,1,3.0,US,clear sky,2021-06-06 15:43:33
552,Dudinka,69.4058,86.1778,32.04,92,98,4.74,RU,overcast clouds,2021-06-06 15:48:09
553,Manoel Urbano,-8.8389,-69.2597,90.7,48,31,2.48,BR,scattered clouds,2021-06-06 15:48:09
554,Dhidhdhoo,6.8833,73.1,82.78,77,86,13.62,MV,overcast clouds,2021-06-06 15:47:59
555,Cavalcante,-13.7975,-47.4583,80.64,40,97,9.51,BR,overcast clouds,2021-06-06 15:48:09
556,Teya,60.3778,92.6267,45.05,53,89,4.41,RU,overcast clouds,2021-06-06 15:48:10
557,Sfantu Gheorghe,45.8667,25.7833,65.57,66,32,1.99,RO,scattered clouds,2021-06-06 15:48:10
558,Arlit,18.7369,7.3853,110.21,7,86,16.64,NE,overcast clouds,2021-06-06 15:48:10
559,Tonantins,-2.8731,-67.8022,86.27,67,90,4.14,BR,overcast clouds,2021-06-06 15:48:11
560,Kargasok,59.0556,80.8572,55.78,95,100,6.46,RU,light rain,2021-06-06 15:48:11
561,Darnah,32.767,22.6367,72.9,64,11,16.73,LY,few clouds,2021-06-06 15:48:11
562,Sanmenxia,34.7747,111.1814,82.4,42,100,4.0,CN,light rain,2021-06-06 15:48:11
563,Saint-Francois,46.4154,3.9054,67.17,78,90,8.05,FR,overcast clouds,2021-06-06 15:48:11
564,Zhaotong,27.3167,103.7167,64.83,61,100,8.12,CN,overcast clouds,2021-06-06 15:48:12
565,Launceston,-41.45,147.1667,55.8,95,90,5.01,AU,overcast clouds,2021-06-06 15:48:12
566,Petauke,-14.2426,31.3253,60.78,55,63,7.14,ZM,broken clouds,2021-06-06 15:48:12
567,Paka,4.6374,103.4368,76.98,94,100,6.31,MY,overcast clouds,2021-06-06 15:48:12
568,Chara,56.9064,118.2631,64.0,43,35,3.67,RU,scattered clouds,2021-06-06 15:48:13
569,Valparaiso,-33.0393,-71.6273,57.43,72,0,4.61,CL,haze,2021-06-06 15:48:13
570,Gorontalo,0.5412,123.0595,75.45,93,97,2.48,ID,overcast clouds,2021-06-06 15:48:13
571,San Anselmo,37.9747,-122.5616,68.95,73,1,4.0,US,clear sky,2021-06-06 15:48:13
572,Los Llanos De Aridane,28.6585,-17.9182,68.13,74,40,10.71,ES,scattered clouds,2021-06-06 15:44:57
573,Christchurch,-43.5333,172.6333,48.99,96,90,1.99,NZ,overcast clouds,2021-06-06 15:44:30
574,Alugan,12.2188,125.4808,77.97,88,99,4.07,PH,overcast clouds,2021-06-06 15:48:14
575,Jiangyou,31.7667,104.7167,75.52,53,98,3.42,CN,moderate rain,2021-06-06 15:48:14
576,Rovaniemi,66.5,25.7167,69.21,24,0,8.05,FI,clear sky,2021-06-06 15:48:14
577,Kirishi,59.4471,32.0205,74.01,49,6,7.43,RU,clear sky,2021-06-06 15:48:14
578,Bichena,10.45,38.2,69.31,21,31,8.16,ET,scattered clouds,2021-06-06 15:48:15
579,Broken Hill,-31.95,141.4333,51.51,71,21,9.22,AU,few clouds,2021-06-06 15:48:15
580,Mbandaka,0.0487,18.2603,74.35,85,99,2.28,CD,overcast clouds,2021-06-06 15:48:15
581,Karatuzskoye,53.6072,92.8667,45.0,97,97,4.16,RU,overcast clouds,2021-06-06 15:48:15
582,Jining,35.405,116.5814,84.34,37,44,12.06,CN,scattered clouds,2021-06-06 15:48:16
583,Ibia,-19.4783,-46.5389,77.92,34,100,4.99,BR,overcast clouds,2021-06-06 15:48:16
584,Tessalit,20.1986,1.0114,109.36,7,34,20.98,ML,scattered clouds,2021-06-06 15:48:16
585,Ontario,34.0633,-117.6509,79.05,75,90,3.44,US,haze,2021-06-06 15:45:33
586,Soe,-9.8607,124.284,62.83,89,40,4.79,ID,scattered clouds,2021-06-06 15:48:16
587,Mercedes,-34.6515,-59.4307,57.85,45,69,11.03,AR,broken clouds,2021-06-06 15:48:13
588,The Valley,18.217,-63.0578,84.81,65,40,17.27,AI,scattered clouds,2021-06-06 15:48:17
589,Seoul,37.5683,126.9778,67.6,77,0,2.13,KR,clear sky,2021-06-06 15:44:12
590,Griffith,41.5284,-87.4237,85.08,56,1,3.0,US,clear sky,2021-06-06 15:48:17
591,Hay River,60.8156,-115.7999,40.98,75,75,6.91,CA,broken clouds,2021-06-06 15:45:14
592,Kinablangan,7.6947,126.5503,77.09,91,100,1.14,PH,overcast clouds,2021-06-06 15:48:17
593,Gobabis,-22.45,18.9667,58.17,32,0,11.45,NA,clear sky,2021-06-06 15:48:18
594,Alice Springs,-23.7,133.8833,42.35,65,0,5.48,AU,clear sky,2021-06-06 15:48:18
595,Pincher Creek,49.4833,-113.952,55.09,44,1,26.46,CA,clear sky,2021-06-06 15:48:18
596,Tripoli,32.8752,13.1875,88.72,35,77,15.73,LY,broken clouds,2021-06-06 15:44:19
597,North Branch,45.5113,-92.9802,86.07,56,2,18.7,US,clear sky,2021-06-06 15:48:18
598,Carman,49.4992,-98.0016,75.63,64,44,8.05,CA,scattered clouds,2021-06-06 15:48:19
599,Inirida,3.8653,-67.9239,83.64,75,94,0.54,CO,moderate rain,2021-06-06 15:48:19
600,Balakhta,55.38,91.6,48.76,95,45,8.7,RU,scattered clouds,2021-06-06 15:48:19
601,Haines Junction,60.7522,-137.5108,48.15,81,80,2.3,CA,broken clouds,2021-06-06 15:48:19
602,Padang,-0.9492,100.3543,77.2,83,87,4.32,ID,overcast clouds,2021-06-06 15:48:20
603,Saint-Augustin,51.226,-58.6502,58.33,37,4,10.85,CA,clear sky,2021-06-06 15:48:20
604,Jalu,29.0331,21.5482,89.8,15,0,14.27,LY,clear sky,2021-06-06 15:48:20
605,Jurmala,56.968,23.7704,71.62,40,0,5.88,LV,clear sky,2021-06-06 15:48:20
606,Quatre Cocos,-20.2078,57.7625,74.08,81,22,10.16,MU,few clouds,2021-06-06 15:48:20
607,Nelson Bay,-32.7167,152.15,54.68,86,1,7.2,AU,clear sky,2021-06-06 15:48:21
608,Prachin Buri,14.0833,101.6667,79.45,83,100,4.45,TH,overcast clouds,2021-06-06 15:48:21
609,Eureka,40.8021,-124.1637,58.19,80,40,3.0,US,scattered clouds,2021-06-06 15:48:21
610,Leorda,47.8167,26.45,72.54,52,20,10.92,RO,few clouds,2021-06-06 15:48:21
611,Whitianga,-36.8333,175.7,57.02,89,100,18.66,NZ,light rain,2021-06-06 15:48:22
612,Jadu,31.953,12.0261,97.61,9,75,12.26,LY,broken clouds,2021-06-06 15:48:22
613,Kailua,21.4022,-157.7394,75.18,72,20,8.05,US,few clouds,2021-06-06 15:48:22
614,Vacaria,-28.5122,-50.9339,56.71,95,100,0.98,BR,overcast clouds,2021-06-06 15:46:49
615,Floro,61.5996,5.0328,67.23,77,40,10.36,NO,scattered clouds,2021-06-06 15:48:22
616,Susangerd,31.5608,48.1831,111.22,6,0,13.29,IR,clear sky,2021-06-06 15:48:23
617,General Cepeda,25.3833,-101.45,84.15,21,1,13.33,MX,clear sky,2021-06-06 15:48:23
618,Kagadi,0.9606,30.7967,65.19,94,85,4.85,UG,light rain,2021-06-06 15:48:23
619,Gazanjyk,39.2446,55.5154,83.35,34,1,16.58,TM,clear sky,2021-06-06 15:48:23
620,Cap Malheureux,-19.9842,57.6142,74.46,82,59,1.99,MU,broken clouds,2021-06-06 15:48:24
621,Benguela,-12.5763,13.4055,81.1,57,83,5.06,AO,broken clouds,2021-06-06 15:48:24
622,Sokolo,14.7328,-6.1219,106.56,18,16,6.42,ML,few clouds,2021-06-06 15:48:24
623,Awbari,26.5921,12.7805,99.05,8,38,13.6,LY,scattered clouds,2021-06-06 15:48:25
624,Wewak,-3.5534,143.6268,78.04,88,100,2.82,PG,moderate rain,2021-06-06 15:47:57
625,Bahia Blanca,-38.7196,-62.2724,55.67,33,88,6.17,AR,overcast clouds,2021-06-06 15:48:25
626,Wells,51.2079,-2.649,70.68,71,40,6.35,GB,scattered clouds,2021-06-06 15:48:25
627,Westport,41.1415,-73.3579,93.97,51,1,1.01,US,clear sky,2021-06-06 15:48:25
628,Canutama,-6.5339,-64.3831,82.78,83,94,1.79,BR,overcast clouds,2021-06-06 15:48:26
629,Flinders,-34.5833,150.8552,54.05,82,4,1.01,AU,clear sky,2021-06-06 15:48:26
630,Letlhakane,-21.4167,25.5833,59.97,40,0,10.76,BW,clear sky,2021-06-06 15:48:26
631,Maltahohe,-24.8333,16.9833,61.7,21,0,10.76,NA,clear sky,2021-06-06 15:48:26
632,Krizevci,46.0219,16.5425,70.29,75,94,7.29,HR,overcast clouds,2021-06-06 15:48:27
633,El Paso,31.8001,-106.2005,88.7,14,20,23.73,US,haze,2021-06-06 15:48:27
634,Bordighera,43.7806,7.6645,73.49,87,100,11.01,IT,overcast clouds,2021-06-06 15:48:27
635,Prince Rupert,54.3161,-130.3201,48.29,93,90,4.61,CA,light rain,2021-06-06 15:48:27
636,Mitzic,0.7821,11.549,77.47,87,62,1.28,GA,light rain,2021-06-06 15:48:28
637,Matamoros,25.5333,-103.25,84.31,26,1,8.55,MX,clear sky,2021-06-06 15:44:55
638,Grand-Santi,4.25,-54.3833,90.54,46,11,2.93,GF,few clouds,2021-06-06 15:48:28
639,Panguna,-6.3164,155.4848,67.37,96,15,2.1,PG,few clouds,2021-06-06 15:43:40
640,Hanmer Springs,-42.5167,172.8167,47.91,99,97,2.75,NZ,light rain,2021-06-06 15:48:28
641,Mount Isa,-20.7333,139.5,55.17,44,0,8.05,AU,clear sky,2021-06-06 15:48:28
642,Qandala,11.472,49.8728,91.29,51,13,2.3,SO,few clouds,2021-06-06 15:48:29
643,Tazovskiy,67.4667,78.7,33.39,88,72,10.51,RU,broken clouds,2021-06-06 15:47:00
644,Seymchan,62.8833,152.4333,45.52,75,53,7.58,RU,broken clouds,2021-06-06 15:48:29
645,Karaikkudi,10.0667,78.7833,83.21,72,96,11.63,IN,overcast clouds,2021-06-06 15:48:29
646,Mecca,21.4267,39.8261,92.91,41,10,8.68,SA,clear sky,2021-06-06 15:44:26
647,Zhovkva,50.0583,23.9726,72.61,78,30,11.74,UA,scattered clouds,2021-06-06 15:48:29
648,Cacapava Do Sul,-30.5122,-53.4914,57.34,64,100,9.26,BR,overcast clouds,2021-06-06 15:48:30
649,Waingapu,-9.6567,120.2641,77.32,85,100,7.67,ID,overcast clouds,2021-06-06 15:48:30
650,Kuruman,-27.4524,23.4325,54.99,33,0,10.22,ZA,clear sky,2021-06-06 15:48:30
651,Adrar,20.5022,-10.0711,110.1,8,2,20.45,MR,clear sky,2021-06-06 15:48:30
652,Kokoda,-8.8785,147.7407,72.99,95,83,0.78,PG,light rain,2021-06-06 15:48:31
653,Chapais,49.7834,-74.8492,64.18,42,43,7.25,CA,scattered clouds,2021-06-06 15:48:31
654,Kilindoni,-7.9139,39.6668,78.89,66,69,17.16,TZ,broken clouds,2021-06-06 15:48:31
655,Chernyshevskiy,63.0128,112.4714,42.12,83,96,9.22,RU,light rain,2021-06-06 15:48:31
656,Pagudpud,18.5616,120.7868,80.56,81,100,5.32,PH,overcast clouds,2021-06-06 15:48:32
657,Bucak,37.4592,30.595,79.32,24,0,2.01,TR,clear sky,2021-06-06 15:48:32
658,Beidao,34.5686,105.8933,66.96,56,97,3.62,CN,overcast clouds,2021-06-06 15:48:32
659,Kindu,-2.95,25.95,75.72,85,100,2.77,CD,overcast clouds,2021-06-06 15:48:32
660,Clinton,42.587,-82.9199,87.8,49,20,1.99,US,few clouds,2021-06-06 15:48:33
661,Chifeng,42.2683,118.9636,68.02,41,95,9.64,CN,overcast clouds,2021-06-06 15:48:33
662,Sioux Lookout,50.1001,-91.917,69.87,88,90,6.91,CA,overcast clouds,2021-06-06 15:48:33
663,Yumen,40.2833,97.2,67.5,26,0,10.71,CN,clear sky,2021-06-06 15:48:33
664,Boende,-0.2167,20.8667,72.14,96,100,3.47,CD,overcast clouds,2021-06-06 15:48:34
665,Hollins,37.3413,-79.9431,87.62,59,40,3.44,US,scattered clouds,2021-06-06 15:48:34
666,Keti Bandar,24.1447,67.4497,85.77,71,0,13.15,PK,clear sky,2021-06-06 15:48:34
667,Sao Felix Do Xingu,-6.6447,-51.995,91.08,42,93,5.95,BR,overcast clouds,2021-06-06 15:43:35
668,Deputatskiy,69.3,139.9,33.04,83,33,2.82,RU,scattered clouds,2021-06-06 15:48:34
669,Palembang,-2.9167,104.7458,76.46,89,90,4.03,ID,overcast clouds,2021-06-06 15:48:35
670,Storslett,69.7678,21.0247,57.4,37,63,6.26,NO,broken clouds,2021-06-06 15:48:35
671,Tera,14.0078,0.7531,105.87,19,60,8.23,NE,broken clouds,2021-06-06 15:48:35
672,Cozumel,20.5083,-86.9458,87.12,79,100,5.01,MX,overcast clouds,2021-06-06 15:46:49
673,Paris,48.8534,2.3488,74.79,52,75,6.46,FR,broken clouds,2021-06-06 15:48:35
674,Ambon,-3.6954,128.1814,80.01,82,79,12.17,ID,broken clouds,2021-06-06 15:48:36
675,Sanjwal,33.7608,72.4336,96.94,25,0,3.09,PK,clear sky,2021-06-06 15:48:36
676,Epe,6.5841,3.9834,83.03,72,54,9.82,NG,light rain,2021-06-06 15:48:36
677,Mindif,10.3976,14.4363,95.34,26,97,10.22,CM,overcast clouds,2021-06-06 15:48:36
678,Panzhihua,26.5851,101.7128,74.46,82,74,2.21,CN,broken clouds,2021-06-06 15:48:37
679,Campoverde,-8.4753,-74.8058,83.89,56,85,1.61,PE,overcast clouds,2021-06-06 15:48:37
680,Mabini,15.6,120.9833,83.46,85,100,3.89,PH,moderate rain,2021-06-06 15:48:37
681,Mudgal,16.0167,76.4333,80.4,67,93,13.67,IN,light rain,2021-06-06 15:48:37
682,Pinneberg,53.65,9.8,69.39,84,90,1.01,DE,overcast clouds,2021-06-06 15:48:38
683,Sarankhola,22.3082,89.7897,83.35,72,100,4.59,BD,moderate rain,2021-06-06 15:48:38
684,Hambantota,6.1241,81.1185,82.74,89,0,15.99,LK,clear sky,2021-06-06 15:48:38
685,Arvika,59.6553,12.5852,79.5,38,73,8.88,SE,broken clouds,2021-06-06 15:48:38
686,Morehead,37.2711,-87.1764,79.86,81,75,1.01,US,broken clouds,2021-06-06 15:48:39
687,Weligama,5.9667,80.4167,79.45,88,97,9.78,LK,overcast clouds,2021-06-06 15:48:39
688,Kohat,33.582,71.4493,93.27,26,0,2.73,PK,clear sky,2021-06-06 15:48:39
689,Harper,4.375,-7.7169,81.93,79,78,9.89,LR,light rain,2021-06-06 15:48:39
690,Karavayevo,55.2961,37.9622,67.57,72,0,8.43,RU,clear sky,2021-06-06 15:48:40
691,Macusani,-14.0833,-70.4333,45.95,52,70,8.5,PE,broken clouds,2021-06-06 15:48:40
692,North Bend,43.4065,-124.2243,52.86,90,90,4.61,US,overcast clouds,2021-06-06 15:48:40
693,Lata,40.1629,-8.3327,84.04,39,0,10.51,PT,clear sky,2021-06-06 15:48:40
